GAME_ID,Home_score,Away_score,Score_label
21500001,94,106,Pistons106_Hawks94
21500002,97,95,Cavaliers95_Bulls97
21500003,111,95,Pelicans95_Warriors111
21500004,87,88,Wizards88_Magic87
21500005,112,95,76ers95_Celtics112
21500006,100,115,Bulls115_Nets100
21500007,92,87,Jazz87_Pistons92
21500008,104,94,Hornets94_Heat104
21500009,106,99,Pacers99_Raptors106
21500010,85,105,Nuggets105_Rockets85
21500011,76,106,Cavaliers106_Grizzlies76
21500012,97,122,Knicks122_Bucks97
21500013,112,106,Spurs106_Thunder112
21500014,95,111,Mavericks111_Suns95
21500015,112,94,Pelicans94_TrailBlazers112
21500016,104,111,Clippers111_Kings104
21500017,111,112,Timberwolves112_Lakers111
21500018,103,112,Grizzlies112_Pacers103
21500019,101,112,Hawks112_Knicks101
21500020,104,88,Mavericks88_Clippers104
21500021,102,92,Heat92_Cavaliers102
21500022,136,139,Thunder139_Magic136
21500023,71,99,Jazz99_76ers71
21500024,103,113,Raptors113_Celtics103
21500025,98,94,Bulls94_Pistons98
21500026,97,94,Hornets94_Hawks97
21500027,113,118,Wizards118_Bucks113
21500028,102,75,Nets75_Spurs102
21500029,78,95,Timberwolves95_Nuggets78
21500030,92,112,Warriors112_Rockets92
21500031,132,114,Lakers114_Kings132
21500032,110,92,TrailBlazers92_Suns110
21500033,76,97,Jazz97_Pacers76
21500034,110,117,Knicks117_Wizards110
21500035,120,134,Warriors134_Pelicans120
21500036,101,91,Nets91_Grizzlies101
21500037,90,101,Suns101_TrailBlazers90
21500038,114,109,Kings109_Clippers114
21500039,92,94,Hawks94_Hornets92
21500040,87,95,Spurs95_Celtics87
21500041,109,89,Rockets89_Heat109
21500042,106,87,Bucks87_Raptors106
21500043,92,87,Magic87_Bulls92
21500044,117,93,Nuggets93_Thunder117
21500045,93,103,Mavericks103_Lakers93
21500046,100,107,Cavaliers107_76ers100
21500047,96,103,Bucks103_Nets96
21500048,84,94,Spurs94_Knicks84
21500049,110,105,Thunder105_Rockets110
21500050,101,106,TrailBlazers106_Timberwolves101
21500051,119,69,Grizzlies69_Warriors119
21500052,102,96,Suns96_Clippers102
21500053,130,105,Bulls105_Hornets130
21500054,82,94,Pacers94_Pistons82
21500055,92,98,Hawks98_Heat92
21500056,94,103,Magic103_Pelicans94
21500057,91,102,Raptors102_Mavericks91
21500058,89,103,Grizzlies103_Kings89
21500059,109,120,Nuggets120_Lakers109
21500060,100,98,Celtics98_Pacers100
21500061,102,99,Spurs99_Wizards102
21500062,101,87,Nets87_Hawks101
21500063,96,86,Knicks86_Cavaliers96
21500064,119,114,Magic114_Rockets119
21500065,91,87,76ers87_Bucks91
21500066,98,103,Raptors103_Thunder98
21500067,118,97,Kings97_Suns118
21500068,92,108,TrailBlazers108_Jazz92
21500069,112,108,Clippers108_Warriors112
21500070,104,98,Thunder98_Bulls104
21500071,84,96,Heat96_Timberwolves84
21500072,94,108,Hornets108_Mavericks94
21500073,84,96,Jazz96_Nuggets84
21500074,115,96,Grizzlies96_TrailBlazers115
21500075,92,87,Raptors87_Magic92
21500076,118,98,Wizards98_Celtics118
21500077,98,104,Lakers104_Nets98
21500078,108,102,76ers102_Cavaliers108
21500079,92,99,Bucks99_Knicks92
21500080,90,87,Heat87_Pacers90
21500081,115,121,Hawks121_Pelicans115
21500082,92,100,Pistons100_Suns92
21500083,119,104,Nuggets104_Warriors119
21500084,110,116,Rockets116_Kings110
21500085,93,102,Timberwolves102_Bulls93
21500086,114,99,Wizards99_Hawks114
21500087,97,105,Magic105_76ers97
21500088,107,98,Pelicans98_Mavericks107
21500089,94,86,Nets86_Bucks94
21500090,114,94,Hornets94_Spurs114
21500091,89,79,Grizzlies79_Jazz89
21500092,94,103,Warriors103_Kings94
21500093,105,109,Rockets109_Clippers105
21500094,101,97,Pacers97_Cavaliers101
21500095,99,95,Lakers95_Knicks99
21500096,96,76,Raptors76_Heat96
21500097,124,103,Suns103_Thunder124
21500098,103,120,Pistons120_TrailBlazers103
21500099,97,84,Magic84_Pacers97
21500100,88,111,Bulls111_76ers88
21500101,107,117,Timberwolves117_Hawks107
21500102,108,104,TrailBlazers104_Nuggets108
21500103,88,106,Spurs106_Kings88
21500104,109,95,Pistons95_Warriors109
21500105,94,92,Grizzlies92_Clippers94
21500106,118,114,Jazz114_Cavaliers118
21500107,101,125,Thunder125_Wizards101
21500108,101,88,Lakers88_Heat101
21500109,109,111,Knicks111_Raptors109
21500110,83,99,Celtics99_Bucks83
21500111,95,104,Hornets104_Timberwolves95
21500112,120,105,Mavericks105_Pelicans120
21500113,95,93,Knicks93_Hornets95
21500114,101,99,Lakers99_Magic101
21500115,103,119,Raptors119_76ers103
21500116,91,102,Pacers102_Celtics91
21500117,106,98,Pelicans98_Hawks106
21500118,118,108,Clippers108_Mavericks118
21500119,98,106,Nets106_Rockets98
21500120,84,100,Warriors100_Grizzlies84
21500121,103,102,Bucks102_Nuggets103
21500122,101,92,Pistons92_Kings101
21500123,101,113,Spurs113_TrailBlazers101
21500124,92,91,Jazz91_Heat92
21500125,116,129,Warriors129_Timberwolves116
21500126,118,104,Clippers104_Suns118
21500127,107,103,Timberwolves103_Pacers107
21500128,102,93,Jazz93_Magic102
21500129,106,93,Hawks93_Celtics106
21500130,84,90,Cavaliers90_Knicks84
21500131,100,81,Pelicans81_Raptors100
21500132,102,97,Hornets97_Bulls102
21500133,101,100,TrailBlazers100_Grizzlies101
21500134,102,85,76ers85_Thunder102
21500135,90,82,Lakers82_Mavericks90
21500136,107,98,Rockets98_Nuggets107
21500137,111,109,Nets109_Kings111
21500138,101,96,Pistons96_Clippers101
21500139,108,99,Magic99_Wizards108
21500140,98,110,Mavericks110_Rockets98
21500141,108,105,Cavaliers105_Bucks108
21500142,92,83,76ers83_Spurs92
21500143,105,81,Nuggets81_Suns105
21500144,107,99,Nets99_Warriors107
21500145,95,87,Pelicans87_Knicks95
21500146,106,114,Grizzlies114_Timberwolves106
21500147,106,94,TrailBlazers94_Hornets106
21500148,96,97,Jazz97_Hawks96
21500149,85,100,Celtics100_Thunder85
21500150,107,101,Raptors101_Kings107
21500151,97,85,Pistons85_Lakers97
21500152,86,92,Mavericks92_76ers86
21500153,96,95,Pacers95_Bulls96
21500154,95,111,Celtics111_Rockets95
21500155,122,114,Thunder114_Grizzlies122
21500156,93,80,TrailBlazers80_Spurs93
21500157,120,101,Lakers101_Suns120
21500158,115,86,Bucks86_Wizards115
21500159,90,88,Hawks88_Nets90
21500160,104,99,Cavaliers99_Pistons104
21500161,91,103,Timberwolves103_Heat91
21500162,102,94,Hornets94_Knicks102
21500163,98,115,Nuggets115_Pelicans98
21500164,115,110,Raptors110_Warriors115
21500165,116,111,Nets111_Hornets116
21500166,104,101,Timberwolves101_Magic104
21500167,85,112,Pacers112_76ers85
21500168,102,106,Mavericks106_Celtics102
21500169,103,97,Kings97_Hawks103
21500170,108,103,TrailBlazers103_Rockets108
21500171,110,103,Pelicans103_Thunder110
21500172,109,98,Nuggets98_Spurs109
21500173,93,89,Raptors89_Jazz93
21500174,97,103,Bulls103_Suns97
21500175,116,109,Kings109_Heat116
21500176,115,100,Bucks100_Cavaliers115
21500177,117,124,Warriors124_Clippers117
21500178,113,88,76ers88_Hornets113
21500179,120,95,Nets95_Celtics120
21500180,96,84,Rockets84_Grizzlies96
21500181,86,96,Pistons96_Timberwolves86
21500182,104,90,Spurs90_Pelicans104
21500183,90,93,Knicks93_Thunder90
21500184,102,93,Jazz93_Mavericks102
21500185,107,114,Suns114_Nuggets107
21500186,102,91,Clippers91_TrailBlazers102
21500187,106,94,Bulls94_Warriors106
21500188,91,102,Raptors102_Lakers91
21500189,91,97,Kings97_Magic91
21500190,123,86,Bucks86_Pacers123
21500191,109,97,Hawks97_Cavaliers109
21500192,95,97,Wizards97_Pistons95
21500193,96,91,76ers91_Heat96
21500194,102,107,Knicks107_Rockets102
21500195,92,82,Grizzlies82_Spurs92
21500196,80,91,Raptors91_Clippers80
21500197,111,101,Celtics101_Nets111
21500198,122,116,Suns116_Pelicans122
21500199,117,114,Mavericks114_Thunder117
21500200,105,118,Warriors118_Nuggets105
21500201,93,107,TrailBlazers107_Lakers93
21500202,127,122,Kings122_Hornets127
21500203,117,103,Magic103_Cavaliers117
21500204,95,78,Knicks78_Heat95
21500205,109,88,Pistons88_Bucks109
21500206,100,95,76ers95_Timberwolves100
21500207,98,84,Suns84_Spurs98
21500208,89,111,Thunder111_Jazz89
21500209,106,123,Pacers123_Wizards106
21500210,121,97,Celtics97_Hawks121
21500211,110,96,Mavericks96_Grizzlies110
21500212,94,111,Clippers111_Nuggets94
21500213,88,93,Bulls93_TrailBlazers88
21500214,111,77,Lakers77_Warriors111
21500215,101,87,Wizards87_Hornets101
21500216,100,91,Knicks91_Magic100
21500217,84,80,76ers80_Celtics84
21500218,104,81,Heat81_Pistons104
21500219,103,99,Cavaliers99_Raptors103
21500220,93,102,Grizzlies102_Rockets93
21500221,118,129,Kings129_Bucks118
21500222,99,95,Hawks95_Timberwolves99
21500223,110,99,Nets99_Thunder110
21500224,88,83,Mavericks83_Spurs88
21500225,114,120,Pelicans120_Suns114
21500226,91,102,Jazz102_Clippers91
21500227,90,95,Cavaliers95_Hornets90
21500228,114,90,Bucks90_Magic114
21500229,111,78,Wizards78_Celtics111
21500230,78,97,Heat97_Knicks78
21500231,104,92,Bulls92_Pacers104
21500232,116,114,76ers114_Rockets116
21500233,101,116,Hawks116_Grizzlies101
21500234,103,87,Pistons87_Thunder103
21500235,80,91,Spurs91_Nuggets80
21500236,116,135,Warriors135_Suns116
21500237,91,101,Timberwolves101_Kings91
21500238,111,90,Pelicans90_Clippers111
21500239,82,84,Raptors84_Wizards82
21500240,90,88,Nets88_Cavaliers90
21500241,92,81,Nuggets81_Mavericks92
21500242,108,88,Hawks88_Spurs108
21500243,101,87,Pelicans87_Jazz101
21500244,108,96,Lakers96_TrailBlazers108
21500245,120,101,Kings101_Warriors120
21500246,87,82,Bucks82_Hornets87
21500247,107,99,Timberwolves99_Clippers107
21500248,87,83,Pistons83_Nets87
21500249,110,91,Celtics91_Magic110
21500250,102,107,Suns107_Raptors102
21500251,92,84,76ers84_Grizzlies92
21500252,111,116,Rockets116_Knicks111
21500253,103,107,Pacers107_Lakers103
21500254,116,105,Rockets105_Pistons116
21500255,95,105,Celtics105_Heat95
21500256,106,100,Thunder100_Hawks106
21500257,92,89,Spurs89_Bulls92
21500258,92,74,Nuggets74_Bucks92
21500259,103,106,Warriors106_Jazz103
21500260,112,98,Mavericks98_Kings112
21500261,102,87,TrailBlazers87_Clippers102
21500262,85,97,Wizards97_Cavaliers85
21500263,103,91,Lakers91_76ers103
21500264,94,91,Suns91_Nets94
21500265,93,96,Magic96_Timberwolves93
21500266,104,113,Grizzlies113_Pelicans104
21500267,112,115,Mavericks115_TrailBlazers112
21500268,99,116,Warriors116_Hornets99
21500269,104,108,Lakers108_Wizards104
21500270,127,122,Suns122_Pistons127
21500271,99,87,76ers87_Knicks99
21500272,86,96,Raptors96_Hawks86
21500273,99,90,Nuggets90_Bulls99
21500274,108,101,Pelicans101_Rockets108
21500275,95,70,Bucks70_Spurs95
21500276,91,103,Pacers103_Clippers91
21500277,97,95,Thunder95_Heat97
21500278,105,106,Nuggets106_Raptors105
21500279,94,103,Magic103_Jazz94
21500280,83,103,Spurs103_Grizzlies83
21500281,123,111,Pacers111_TrailBlazers123
21500282,97,114,Celtics114_Kings97
21500283,108,91,Nets91_Knicks108
21500284,109,106,Suns106_Wizards109
21500285,102,95,Bucks95_Pistons102
21500286,100,87,Lakers87_Hawks100
21500287,96,100,Rockets100_Mavericks96
21500288,114,108,Cavaliers108_Pelicans114
21500289,105,108,Nuggets108_76ers105
21500290,109,112,Warriors112_Raptors109
21500291,99,84,Cavaliers84_Heat99
21500292,96,102,Hornets102_Bulls96
21500293,120,113,Kings113_Rockets120
21500294,103,109,TrailBlazers109_Timberwolves103
21500295,106,91,Knicks91_Bucks106
21500296,108,105,Celtics105_Spurs108
21500297,122,119,Pacers119_Jazz122
21500298,103,101,Magic101_Clippers103
21500299,95,93,Suns93_Grizzlies95
21500300,98,114,Warriors114_Nets98
21500301,111,91,Lakers91_Pistons111
21500302,104,116,Mavericks116_Wizards104
21500303,98,95,Kings95_Thunder98
21500304,104,84,Pistons84_Hornets104
21500305,68,119,Spurs119_76ers68
21500306,103,114,Wizards114_Heat103
21500307,97,104,Mavericks104_Knicks97
21500308,102,93,Lakers93_Raptors102
21500309,101,103,Suns103_Bulls101
21500310,90,88,TrailBlazers88_Bucks90
21500311,106,110,Clippers110_Timberwolves106
21500312,93,111,Celtics111_Pelicans93
21500313,105,100,TrailBlazers100_Cavaliers105
21500314,123,131,Warriors131_Pacers123
21500315,110,105,Rockets105_Nets110
21500316,88,125,Thunder125_Grizzlies88
21500317,74,85,Magic85_Nuggets74
21500318,114,106,Jazz106_Kings114
21500319,105,100,Bulls100_Celtics105
21500320,99,81,Heat81_Hornets99
21500321,103,109,Rockets109_Wizards103
21500322,92,93,Grizzlies93_Pistons92
21500323,97,94,Spurs94_Raptors97
21500324,95,109,Clippers109_Bucks95
21500325,123,122,Lakers122_Timberwolves123
21500326,107,104,Magic104_Suns107
21500327,106,85,Knicks85_Jazz106
21500328,95,98,Hawks98_Mavericks95
21500329,100,91,76ers91_Nets100
21500330,83,80,Clippers80_Bulls83
21500331,107,94,Hawks94_Thunder107
21500332,99,97,Knicks97_Kings99
21500333,96,83,Heat83_Pacers96
21500334,76,111,Cavaliers111_Magic76
21500335,95,107,Pistons107_76ers95
21500336,119,124,Warriors124_Celtics119
21500337,90,83,Bucks83_Raptors90
21500338,99,123,Hornets123_Grizzlies99
21500339,107,105,Wizards105_Pelicans107
21500340,111,108,Timberwolves108_Nuggets111
21500341,90,94,Thunder94_Jazz90
21500342,109,87,Lakers87_Spurs109
21500343,96,106,TrailBlazers106_Suns96
21500344,100,105,Clippers105_Nets100
21500345,93,98,Celtics98_Hornets93
21500346,118,96,Pacers96_Pistons118
21500347,78,103,Spurs103_Hawks78
21500348,98,94,Pelicans94_Bulls98
21500349,126,97,Lakers97_Rockets126
21500350,111,114,Wizards114_Mavericks111
21500351,108,95,Warriors95_Bucks108
21500352,110,112,Knicks112_TrailBlazers110
21500353,108,101,Timberwolves101_Suns108
21500354,100,97,Grizzlies97_Heat100
21500355,96,76,76ers76_Raptors96
21500356,104,98,Jazz98_Thunder104
21500357,106,90,Raptors90_Pacers106
21500358,82,105,Magic105_Nets82
21500359,103,105,Clippers105_Pistons103
21500360,88,100,Heat100_Hawks88
21500361,115,96,76ers96_Bulls115
21500362,112,95,Wizards95_Grizzlies112
21500363,104,94,Suns94_Mavericks104
21500364,118,81,Jazz81_Spurs118
21500365,114,108,Rockets108_Nuggets114
21500366,105,101,Pelicans101_TrailBlazers105
21500367,77,89,Cavaliers89_Celtics77
21500368,100,112,Nuggets112_Timberwolves100
21500369,107,97,Rockets97_Kings107
21500370,113,95,Bucks95_Lakers113
21500371,107,81,Mavericks81_Pacers107
21500372,113,98,Hornets98_Magic113
21500373,98,104,Heat104_Nets98
21500374,119,116,Celtics116_Pistons119
21500375,107,102,Timberwolves102_Knicks107
21500376,127,106,76ers106_Hawks127
21500377,98,85,Grizzlies85_Bulls98
21500378,106,90,TrailBlazers90_Thunder106
21500379,114,95,Wizards95_Spurs114
21500380,94,104,Pelicans104_Jazz94
21500381,128,103,Suns103_Warriors128
21500382,103,90,Bucks90_Clippers103
21500383,109,99,Raptors99_Hornets109
21500384,104,100,Thunder100_Cavaliers104
21500385,87,107,Rockets107_Lakers87
21500386,104,97,Nets97_Pacers104
21500387,102,94,TrailBlazers94_Magic102
21500388,97,107,Knicks107_76ers97
21500389,101,109,Hawks109_Celtics101
21500390,94,108,Raptors108_Heat94
21500391,144,147,Pistons147_Bulls144
21500392,99,95,Kings95_Timberwolves99
21500393,115,107,Clippers107_Spurs115
21500394,97,88,Grizzlies88_Mavericks97
21500395,97,88,Nuggets88_Jazz97
21500396,104,88,Pelicans88_Suns104
21500397,121,112,Bucks112_Warriors121
21500398,118,78,Lakers78_Thunder118
21500399,109,101,Hornets101_Wizards109
21500400,107,91,Bulls91_Knicks107
21500401,107,97,Clippers97_Rockets107
21500402,96,84,Pacers84_Grizzlies96
21500403,85,100,Timberwolves100_Nets85
21500404,116,109,TrailBlazers109_Heat116
21500405,108,86,76ers86_Cavaliers108
21500406,95,101,Bucks101_Suns95
21500407,100,103,Hawks103_Magic100
21500408,94,104,Kings104_Raptors94
21500409,125,130,Pelicans130_Nuggets125
21500410,113,99,Kings99_Wizards113
21500411,113,99,Timberwolves99_Celtics113
21500412,99,107,Magic107_Knicks99
21500413,106,97,TrailBlazers97_Hawks106
21500414,102,105,Nets105_Bulls102
21500415,102,95,Hornets95_Rockets102
21500416,106,92,Pacers92_Spurs106
21500417,110,89,Suns89_Jazz110
21500418,99,100,Thunder100_Clippers99
21500419,90,104,Grizzlies104_76ers90
21500420,92,93,Pistons93_Heat92
21500421,103,99,Mavericks99_Raptors103
21500422,107,111,Lakers111_Nuggets107
21500423,89,102,Celtics102_Hornets89
21500424,91,84,Knicks84_Cavaliers91
21500425,106,108,Kings108_Pacers106
21500426,104,101,Rockets101_Magic104
21500427,100,91,Grizzlies91_Wizards100
21500428,118,119,Mavericks119_Nets118
21500429,107,100,Pistons100_Hawks107
21500430,113,100,76ers100_Bucks113
21500431,83,108,Spurs108_Timberwolves83
21500432,115,89,TrailBlazers89_Pelicans115
21500433,96,104,Nuggets104_Suns96
21500434,103,85,Jazz85_Warriors103
21500435,85,120,Thunder120_Lakers85
21500436,94,88,Pelicans88_Heat94
21500437,96,105,Bulls105_Thunder96
21500438,89,83,Cavaliers83_Warriors89
21500439,88,84,Spurs84_Rockets88
21500440,84,94,Clippers94_Lakers84
21500441,90,111,Raptors111_Bucks90
21500442,117,98,Knicks98_Hawks117
21500443,98,92,Grizzlies92_Hornets98
21500444,101,108,Heat108_Magic101
21500445,110,108,Rockets108_Pelicans110
21500446,93,99,Celtics99_Pistons93
21500447,96,111,Wizards111_Nets96
21500448,88,102,Pacers102_Timberwolves88
21500449,118,111,Bulls111_Mavericks118
21500450,101,86,Nuggets86_Spurs101
21500451,104,111,76ers111_Suns104
21500452,104,109,Clippers109_Jazz104
21500453,105,76,Cavaliers76_TrailBlazers105
21500454,100,91,Knicks91_Celtics100
21500455,112,96,Lakers96_Grizzlies112
21500456,122,112,Nuggets112_Thunder122
21500457,94,98,TrailBlazers98_Kings94
21500458,108,98,Lakers98_Hornets108
21500459,93,87,Hawks87_Pacers93
21500460,104,89,Pelicans89_Magic104
21500461,91,108,Clippers108_Wizards91
21500462,105,111,Nets111_Heat105
21500463,104,97,Raptors97_Bulls104
21500464,103,93,Bucks93_Mavericks103
21500465,101,95,Timberwolves95_Spurs101
21500466,97,101,Cavaliers101_Suns97
21500467,95,91,76ers91_Jazz95
21500468,122,103,Kings103_Warriors122
21500469,108,96,Pistons96_Knicks108
21500470,115,121,Hawks121_Rockets115
21500471,99,90,Heat90_Grizzlies99
21500472,131,123,Bucks123_Thunder131
21500473,87,93,Cavaliers93_Nuggets87
21500474,117,122,Clippers122_Hornets117
21500475,100,93,Nets93_Magic100
21500476,104,112,Lakers112_Celtics104
21500477,94,91,Wizards91_Raptors94
21500478,102,100,Pacers100_Bulls102
21500479,94,80,Jazz80_Timberwolves94
21500480,114,91,Warriors91_Mavericks114
21500481,112,79,Suns79_Spurs112
21500482,110,103,Nuggets103_TrailBlazers110
21500483,105,110,76ers110_Kings105
21500484,116,120,Bucks120_Pacers116
21500485,110,114,Warriors114_Rockets110
21500486,115,90,Timberwolves90_Pistons115
21500487,89,95,Clippers95_Pelicans89
21500488,110,106,Suns106_Thunder110
21500489,109,96,TrailBlazers96_Jazz109
21500490,103,91,Magic91_Wizards103
21500491,106,82,Mavericks82_Heat106
21500492,104,94,Hornets94_Raptors104
21500493,108,81,Knicks81_Bulls108
21500494,93,84,76ers84_Lakers93
21500495,97,100,Nets100_Celtics97
21500496,142,119,Suns119_Kings142
21500497,90,109,Thunder109_Hornets90
21500498,94,82,Pistons82_Pacers94
21500499,104,79,Magic79_Cavaliers104
21500500,85,95,Bucks95_Timberwolves85
21500501,98,105,Pelicans105_Mavericks98
21500502,121,103,Rockets103_Spurs121
21500503,92,87,Grizzlies87_Jazz92
21500504,111,108,Nuggets108_Warriors111
21500505,130,99,76ers99_Clippers130
21500506,111,97,Hawks97_Knicks111
21500507,113,115,Bulls115_Raptors113
21500508,75,97,Heat97_Wizards75
21500509,106,112,TrailBlazers112_Nuggets106
21500510,97,77,Suns77_Lakers97
21500511,122,100,Raptors100_Cavaliers122
21500512,109,99,Timberwolves99_76ers109
21500513,94,103,Celtics103_Nets94
21500514,115,89,Magic89_Pistons115
21500515,103,100,Pacers100_Heat103
21500516,98,123,Spurs123_Bucks98
21500517,104,116,Kings116_Thunder104
21500518,91,93,Rockets93_Jazz91
21500519,78,91,Grizzlies91_TrailBlazers78
21500520,111,101,Hornets101_Warriors111
21500521,101,107,Knicks107_Hawks101
21500522,117,106,Bucks106_Bulls117
21500523,117,116,Kings116_Mavericks117
21500524,88,109,Warriors109_Lakers88
21500525,90,98,Knicks98_Heat90
21500526,86,95,Pacers95_Magic86
21500527,115,121,Cavaliers121_Wizards115
21500528,94,99,Pistons99_Celtics94
21500529,74,91,Raptors91_Nets74
21500530,74,78,Nuggets78_Timberwolves74
21500531,91,100,Mavericks100_Pelicans91
21500532,123,98,Jazz98_Spurs123
21500533,111,102,Hornets102_Suns111
21500534,112,94,Grizzlies94_Thunder112
21500535,98,109,Clippers109_TrailBlazers98
21500536,98,126,Hawks126_76ers98
21500537,101,92,Celtics92_Bulls101
21500538,103,94,Jazz94_Rockets103
21500539,118,115,Lakers115_Kings118
21500540,88,97,Raptors97_Wizards88
21500541,77,83,Magic83_Nets77
21500542,91,84,Nuggets84_Grizzlies91
21500543,99,125,Cavaliers125_Timberwolves99
21500544,86,91,Pacers91_Pelicans86
21500545,96,95,Mavericks95_Bucks96
21500546,100,99,Knicks99_Spurs100
21500547,95,103,Heat103_Suns95
21500548,108,128,Warriors128_TrailBlazers108
21500549,113,117,Thunder117_Lakers113
21500550,97,83,Hornets83_Clippers97
21500551,120,105,Bulls105_Hawks120
21500552,99,105,Wizards105_Magic99
21500553,103,89,Nets89_Pistons103
21500554,95,108,Raptors108_76ers95
21500555,98,83,Heat83_Jazz98
21500556,116,128,Warriors128_Kings116
21500557,87,93,Mavericks93_Timberwolves87
21500558,114,111,Pelicans111_Clippers114
21500559,85,95,Cavaliers95_76ers85
21500560,101,98,Celtics98_Grizzlies101
21500561,107,103,Pacers103_Rockets107
21500562,100,88,Bucks88_Knicks100
21500563,95,92,Hornets92_Nuggets95
21500564,115,110,Thunder110_TrailBlazers115
21500565,74,86,Jazz86_Lakers74
21500566,79,106,Spurs106_Nets79
21500567,100,114,Wizards114_Bulls100
21500568,111,103,Heat103_Warriors111
21500569,116,97,Suns97_Pacers116
21500570,99,109,Spurs109_Pistons99
21500571,120,114,Celtics114_Knicks120
21500572,91,107,Rockets107_Grizzlies91
21500573,106,101,Bulls101_Bucks106
21500574,96,101,Thunder101_Timberwolves96
21500575,107,110,Cavaliers110_Mavericks107
21500576,95,91,Pelicans91_Lakers95
21500577,107,84,Hawks84_Hornets107
21500578,106,101,Bucks101_Wizards106
21500579,110,104,Knicks104_Nets110
21500580,103,94,Pacers94_Celtics103
21500581,107,104,Timberwolves104_Rockets107
21500582,108,89,Mavericks89_Thunder108
21500583,112,110,Warriors110_Nuggets112
21500584,99,85,Jazz85_TrailBlazers99
21500585,97,109,Pelicans109_Kings97
21500586,104,90,Heat90_Clippers104
21500587,111,115,Bulls115_76ers111
21500588,103,106,Raptors106_Magic103
21500589,103,101,Pistons101_Grizzlies103
21500590,99,95,Cavaliers95_Spurs99
21500591,101,103,Kings103_Jazz101
21500592,116,98,Lakers98_Warriors116
21500593,104,118,Wizards118_Pacers104
21500594,113,93,Timberwolves93_Thunder113
21500595,117,103,Suns103_Celtics117
21500596,104,116,TrailBlazers116_Nets104
21500597,77,83,Mavericks83_Bulls77
21500598,109,107,Hornets107_Pelicans109
21500599,108,101,Hawks101_Bucks108
21500600,95,98,Heat98_Nuggets95
21500601,77,91,Cavaliers91_Rockets77
21500602,114,86,Nets86_Hawks114
21500603,92,105,Bucks105_Hornets92
21500604,117,119,Celtics119_Wizards117
21500605,113,95,Warriors95_Pistons113
21500606,114,89,TrailBlazers89_76ers114
21500607,103,95,Knicks95_Grizzlies103
21500608,109,82,Lakers82_Jazz109
21500609,103,110,Kings110_Clippers103
21500610,117,87,Suns87_Timberwolves117
21500611,99,74,Heat74_Thunder99
21500612,112,83,Mavericks83_Spurs112
21500613,129,126,Pacers126_Nuggets129
21500614,95,112,Rockets112_Lakers95
21500615,119,113,76ers113_Knicks119
21500616,124,119,Jazz119_Hornets124
21500617,98,108,TrailBlazers108_Wizards98
21500618,101,99,Pelicans99_Grizzlies101
21500619,101,111,Bulls111_Pistons101
21500620,98,81,Magic81_Hawks98
21500621,112,100,Nets100_Raptors112
21500622,98,132,Warriors132_Cavaliers98
21500623,118,113,Celtics113_Mavericks118
21500624,140,132,Rockets132_Clippers140
21500625,79,91,Bucks91_Heat79
21500626,114,99,Timberwolves99_Pelicans114
21500627,104,110,Thunder110_Nuggets104
21500628,94,97,Pacers97_Suns94
21500629,87,96,76ers96_Magic87
21500630,106,87,Heat87_Wizards106
21500631,78,91,Cavaliers91_Nets78
21500632,118,111,Jazz111_Knicks118
21500633,115,109,Celtics109_Raptors115
21500634,94,125,Warriors125_Bulls94
21500635,114,123,Pistons123_Rockets114
21500636,109,95,Hornets95_Thunder109
21500637,106,94,Timberwolves94_Mavericks106
21500638,93,112,Kings112_Lakers93
21500639,98,104,Hawks104_TrailBlazers98
21500640,115,102,Clippers102_Cavaliers115
21500641,115,99,Pistons99_Pelicans115
21500642,101,102,Grizzlies102_Nuggets101
21500643,91,88,Hawks88_Kings91
21500644,89,117,Spurs117_Suns89
21500645,116,120,Hornets120_Magic116
21500646,110,101,Bulls101_Celtics110
21500647,86,108,Jazz108_Nets86
21500648,88,116,Clippers116_Knicks88
21500649,101,81,Heat81_Raptors101
21500650,102,98,Bucks98_Rockets102
21500651,106,109,Thunder109_Mavericks106
21500652,122,110,Pacers110_Warriors122
21500653,95,108,Spurs108_Lakers95
21500654,103,89,Jazz89_Wizards103
21500655,97,84,Knicks84_Hornets97
21500656,92,112,Celtics112_76ers92
21500657,116,99,Bucks99_Pelicans116
21500658,106,101,Grizzlies101_Timberwolves106
21500659,83,96,Bulls96_Cavaliers83
21500660,98,95,Hawks95_Suns98
21500661,104,101,Pistons101_Nuggets104
21500662,121,103,Lakers103_TrailBlazers121
21500663,108,97,Pacers97_Kings108
21500664,116,106,Thunder106_Nets116
21500665,115,104,Mavericks104_Rockets115
21500666,112,94,Clippers94_Raptors112
21500667,114,107,Timberwolves107_Cavaliers114
21500668,91,116,Celtics116_Wizards91
21500669,84,89,Heat89_Bulls84
21500670,108,102,Magic102_Grizzlies108
21500671,111,112,Rockets112_Pelicans111
21500672,105,119,Hawks119_Nuggets105
21500673,92,95,Pistons95_Jazz92
21500674,128,129,Hornets129_Kings128
21500675,120,90,Spurs90_Warriors120
21500676,89,91,Clippers91_Pacers89
21500677,113,103,Suns103_76ers113
21500678,98,102,Heat102_Nets98
21500679,122,128,Thunder128_Knicks122
21500680,106,89,Wizards89_Raptors106
21500681,107,100,Magic100_Bucks107
21500682,112,97,Kings97_TrailBlazers112
21500683,90,92,Mavericks92_Lakers90
21500684,115,93,Suns93_Cavaliers115
21500685,111,103,Nuggets103_Celtics111
21500686,110,97,76ers97_Pistons110
21500687,83,85,Clippers85_Hawks83
21500688,123,126,Thunder126_Timberwolves123
21500689,130,99,Rockets99_Spurs130
21500690,102,73,Hornets73_Jazz102
21500691,127,107,Mavericks107_Warriors127
21500692,111,92,Hawks92_Pacers111
21500693,113,117,Nuggets117_Wizards113
21500694,103,93,Knicks93_Raptors103
21500695,103,83,Bucks83_Grizzlies103
21500696,114,105,Kings105_Pelicans114
21500697,91,114,Bulls114_Lakers91
21500698,113,94,Magic94_Celtics113
21500699,106,114,Cavaliers114_Pistons106
21500700,102,84,Suns84_Knicks102
21500701,116,108,Rockets108_Thunder116
21500702,91,79,Nets79_Mavericks91
21500703,103,107,Heat107_Bucks103
21500704,103,90,Timberwolves90_Jazz103
21500705,109,91,Hornets91_TrailBlazers109
21500706,105,93,Lakers93_Clippers105
21500707,105,108,Warriors108_76ers105
21500708,111,107,Pistons107_Raptors111
21500709,109,105,Nuggets105_Pacers109
21500710,105,103,Nets103_Pelicans105
21500711,122,123,Wizards123_Rockets122
21500712,121,117,Kings117_Grizzlies121
21500713,117,103,Spurs103_Cavaliers117
21500714,120,93,Bulls93_Clippers120
21500715,105,87,Hawks87_Heat105
21500716,119,114,Celtics114_Magic119
21500717,91,78,Suns78_Mavericks91
21500718,95,116,Warriors116_Knicks95
21500719,96,93,Timberwolves93_TrailBlazers96
21500720,82,101,Hornets101_Lakers82
21500721,106,111,Cavaliers111_Pacers106
21500722,100,105,Pistons105_Nets100
21500723,112,97,Mavericks97_Hawks112
21500724,95,110,Grizzlies110_Pelicans95
21500725,114,98,Wizards98_Thunder114
21500726,107,92,Magic92_Spurs107
21500727,112,93,Raptors93_Nuggets112
21500728,105,96,Bulls96_Jazz105
21500729,111,104,Bucks104_Kings111
21500730,89,97,Celtics97_Knicks89
21500731,115,102,Heat102_Rockets115
21500732,97,104,Raptors104_Suns97
21500733,107,95,Bucks95_TrailBlazers107
21500734,119,115,Timberwolves115_Lakers119
21500735,106,97,Cavaliers97_Hornets106
21500736,86,124,Hawks124_76ers86
21500737,102,95,Pistons95_Celtics102
21500738,100,114,Pacers114_Nets100
21500739,121,134,Warriors134_Wizards121
21500740,117,114,Magic114_Thunder117
21500741,90,93,Heat93_Mavericks90
21500742,110,97,Pelicans97_Spurs110
21500743,85,81,Nuggets81_Jazz85
21500744,102,107,Bulls107_Kings102
21500745,102,108,Timberwolves108_Clippers102
21500746,111,105,Knicks105_Pistons111
21500747,96,99,Lakers99_Pelicans96
21500748,103,110,Raptors110_TrailBlazers103
21500749,105,111,Rockets111_Suns105
21500750,102,96,Pacers96_Hawks102
21500751,95,98,Heat98_Hornets95
21500752,93,107,Clippers107_Magic93
21500753,106,94,76ers94_Wizards106
21500754,128,119,Kings119_Nets128
21500755,103,104,Celtics104_Cavaliers103
21500756,85,91,Grizzlies91_Knicks85
21500757,115,110,Bulls110_Nuggets115
21500758,84,81,Bucks81_Jazz84
21500759,90,116,Spurs116_Mavericks90
21500760,79,96,TrailBlazers96_Rockets79
21500761,108,104,Wizards104_Hornets108
21500762,112,104,Pistons104_Pacers112
21500763,99,84,Pelicans84_Cavaliers99
21500764,103,98,Nets98_76ers103
21500765,110,114,Mavericks114_Grizzlies110
21500766,112,105,Bulls105_Timberwolves112
21500767,106,102,Lakers102_Spurs106
21500768,89,98,Jazz98_Suns89
21500769,116,108,Thunder108_Warriors116
21500770,96,101,Nuggets101_Knicks96
21500771,96,94,Hawks94_Magic96
21500772,93,100,Clippers100_Heat93
21500773,128,119,Kings119_Celtics128
21500774,108,91,Bulls91_Hornets108
21500775,120,100,Kings100_Cavaliers120
21500776,89,87,Lakers87_Pacers89
21500777,92,98,Clippers98_76ers92
21500778,105,104,Nuggets104_Nets105
21500779,89,103,Raptors103_Pistons89
21500780,110,117,Magic117_Hawks110
21500781,106,112,TrailBlazers112_Grizzlies106
21500782,102,116,Pelicans116_Timberwolves102
21500783,106,122,Thunder122_Suns106
21500784,101,119,Spurs119_Heat101
21500785,108,111,Wizards111_Knicks108
21500786,112,111,Celtics111_Bucks112
21500787,119,121,Jazz121_Mavericks119
21500788,123,110,Rockets110_Warriors123
21500789,95,117,Hornets117_Pacers95
21500790,96,98,Spurs98_Magic96
21500791,110,114,Kings114_76ers110
21500792,139,134,Clippers134_Celtics139
21500793,90,109,Grizzlies109_Nets90
21500794,92,103,Nuggets103_Pistons92
21500795,120,111,Lakers111_Cavaliers120
21500796,90,113,Hawks113_Bulls90
21500797,117,112,Raptors112_Timberwolves117
21500798,100,96,Jazz96_Pelicans100
21500799,104,112,Warriors112_Suns104
21500800,116,103,Rockets103_TrailBlazers116
21500801,99,92,Wizards92_Bucks99
21500802,121,95,Pelicans95_Thunder121
21500803,106,95,Bulls95_Cavaliers106
21500804,105,86,Spurs86_Clippers105
21500805,110,104,Mavericks104_Magic110
21500806,98,86,Pistons86_Wizards98
21500807,109,98,Knicks98_Nets109
21500808,111,115,Heat115_Hawks111
21500809,116,106,Raptors106_Bulls116
21500810,109,104,Timberwolves104_Grizzlies109
21500811,121,114,76ers114_Pelicans121
21500812,98,101,Pacers101_Thunder98
21500813,95,98,Hornets98_Bucks95
21500814,100,116,Rockets116_Suns100
21500815,137,105,Warriors105_TrailBlazers137
21500816,116,110,Nuggets110_Kings116
21500817,111,93,Celtics93_Jazz111
21500818,113,119,Spurs119_Lakers113
21500819,109,117,Bucks117_Hawks109
21500820,114,94,Wizards94_Heat114
21500821,95,103,Knicks103_Timberwolves95
21500822,112,115,Warriors115_Clippers112
21500823,106,111,Pelicans111_Pistons106
21500824,92,115,Cavaliers115_Thunder92
21500825,101,121,Celtics121_Nuggets101
21500826,111,118,Spurs118_Suns111
21500827,96,104,Hornets104_Nets96
21500828,102,105,Pacers105_Magic102
21500829,98,85,Grizzlies85_Raptors98
21500830,129,103,76ers103_Mavericks129
21500831,126,115,Lakers115_Bulls126
21500832,115,111,Jazz111_TrailBlazers115
21500833,88,96,Pistons96_Cavaliers88
21500834,101,93,Pacers93_Heat101
21500835,95,122,Raptors122_Knicks95
21500836,92,102,Warriors102_Hawks92
21500837,108,101,Lakers101_Bucks108
21500838,124,122,Celtics122_Timberwolves124
21500839,124,84,Suns84_Clippers124
21500840,115,124,Magic124_76ers115
21500841,109,89,Pelicans89_Wizards109
21500842,110,114,Kings114_Nuggets110
21500843,117,114,Rockets114_Jazz117
21500844,112,104,Nets104_TrailBlazers112
21500845,114,103,Hornets103_Cavaliers114
21500846,108,105,Knicks105_Pacers108
21500847,111,91,76ers91_Pistons111
21500848,112,118,Warriors118_Heat112
21500849,114,105,Timberwolves105_Raptors114
21500850,109,104,Wizards104_Bulls109
21500851,128,119,Lakers119_Grizzlies128
21500852,103,116,Thunder116_Mavericks103
21500853,81,87,Nuggets87_Clippers81
21500854,92,108,Spurs108_Kings92
21500855,114,130,Warriors130_Magic114
21500856,112,107,Bucks107_Celtics112
21500857,123,119,Thunder119_Pelicans123
21500858,106,116,Nets116_Suns106
21500859,105,119,Rockets119_TrailBlazers105
21500860,78,96,Spurs96_Jazz78
21500861,95,96,Hornets96_Pacers95
21500862,94,103,Wizards103_76ers94
21500863,108,95,Magic95_Knicks108
21500864,99,97,Cavaliers97_Raptors99
21500865,103,88,Bulls88_Hawks103
21500866,122,116,Nuggets116_Mavericks122
21500867,107,117,Clippers117_Kings107
21500868,95,112,Grizzlies112_Lakers95
21500869,101,89,Heat89_Celtics101
21500870,110,112,Timberwolves112_Pelicans110
21500871,95,103,TrailBlazers103_Bulls95
21500872,94,104,Spurs104_Rockets94
21500873,91,102,Pistons102_Bucks91
21500874,118,121,Warriors121_Thunder118
21500875,111,106,Grizzlies106_Suns111
21500876,96,98,Nets98_Jazz96
21500877,113,99,Cavaliers99_Wizards113
21500878,87,76,Hornets76_Hawks87
21500879,114,101,Raptors101_Pistons114
21500880,102,111,TrailBlazers111_Pacers102
21500881,130,116,76ers116_Magic130
21500882,128,101,Timberwolves101_Mavericks128
21500883,81,98,Heat98_Knicks81
21500884,100,96,Pacers96_Cavaliers100
21500885,116,108,76ers108_Wizards116
21500886,100,95,Jazz95_Celtics100
21500887,128,121,Rockets121_Bucks128
21500888,96,103,Grizzlies103_Nuggets96
21500889,116,131,Thunder131_Kings116
21500890,105,95,Nets95_Clippers105
21500891,126,92,Suns92_Hornets126
21500892,129,111,Bulls111_Heat129
21500893,85,104,TrailBlazers104_Knicks85
21500894,121,108,Magic108_Mavericks121
21500895,109,105,Hawks105_Warriors109
21500896,107,101,Nets101_Lakers107
21500897,102,89,Bulls89_Magic102
21500898,99,119,Hornets119_76ers99
21500899,116,93,TrailBlazers93_Celtics116
21500900,104,94,Jazz94_Raptors104
21500901,100,95,Pelicans95_Rockets100
21500902,104,98,Kings98_Grizzlies104
21500903,99,104,Pacers104_Bucks99
21500904,98,104,Wizards104_Timberwolves98
21500905,97,81,Pistons81_Spurs97
21500906,117,107,Lakers107_Nuggets117
21500907,103,98,Thunder98_Clippers103
21500908,108,92,Suns92_Heat108
21500909,86,94,Spurs94_Pelicans86
21500910,101,104,Kings104_Mavericks101
21500911,121,106,Thunder106_Warriors121
21500912,108,101,Pacers101_Hornets108
21500913,84,102,Suns102_Magic84
21500914,102,112,Heat112_76ers102
21500915,105,104,Knicks104_Celtics105
21500916,114,112,TrailBlazers112_Raptors114
21500917,108,83,Wizards83_Cavaliers108
21500918,94,88,Jazz88_Grizzlies94
21500919,116,101,Timberwolves101_Bucks116
21500920,120,121,Nets121_Nuggets120
21500921,77,106,Hawks106_Lakers77
21500922,120,103,Celtics103_Cavaliers120
21500923,102,89,Pistons89_Knicks102
21500924,99,100,Pacers100_Wizards99
21500925,94,106,Jazz106_Pelicans94
21500926,132,118,Nets118_Timberwolves132
21500927,108,100,Rockets100_Bulls108
21500928,104,94,Kings94_Spurs104
21500929,97,107,Hawks107_Clippers97
21500930,96,104,Thunder104_Bucks96
21500931,112,95,Warriors95_Lakers112
21500932,100,109,Suns109_Grizzlies100
21500933,116,114,Mavericks114_Nuggets116
21500934,123,103,TrailBlazers103_Pistons123
21500935,103,98,76ers98_Heat103
21500936,107,113,Rockets113_Raptors107
21500937,108,103,Timberwolves103_Hornets108
21500938,103,106,Grizzlies106_Cavaliers103
21500939,99,91,Spurs91_Pacers99
21500940,100,90,Bucks90_Bulls100
21500941,115,112,Kings112_Pelicans115
21500942,90,109,Clippers109_Mavericks90
21500943,119,113,Magic113_Warriors119
21500944,104,99,Nets99_Raptors104
21500945,91,116,Spurs116_Timberwolves91
21500946,110,94,Knicks94_Nuggets110
21500947,84,91,Hawks91_Jazz84
21500948,116,109,Wizards109_TrailBlazers116
21500949,107,98,Magic98_Lakers107
21500950,122,113,Pelicans113_Hornets122
21500951,104,118,Rockets118_76ers104
21500952,114,108,Heat108_Bucks114
21500953,116,96,Grizzlies96_Celtics116
21500954,96,102,Pistons102_Mavericks96
21500955,120,108,Clippers108_Thunder120
21500956,97,128,Knicks128_Suns97
21500957,111,120,Cavaliers120_Kings111
21500958,115,94,Jazz94_Warriors115
21500959,104,96,Hawks96_Raptors104
21500960,109,101,Bulls101_Spurs109
21500961,116,98,Suns98_Nuggets116
21500962,108,120,Cavaliers120_Lakers108
21500963,118,103,Pistons103_Hornets118
21500964,95,89,Nets89_76ers95
21500965,98,102,Rockets102_Celtics98
21500966,96,118,Heat118_Bulls96
21500967,121,114,Pelicans114_Grizzlies121
21500968,96,99,Timberwolves99_Thunder96
21500969,114,93,Wizards93_Jazz114
21500970,100,107,Magic107_Kings100
21500971,128,112,TrailBlazers112_Warriors128
21500972,101,94,Knicks94_Clippers101
21500973,105,112,Pacers112_Mavericks105
21500974,95,83,Grizzlies83_Hawks95
21500975,125,109,Rockets109_Hornets125
21500976,111,125,Pistons125_76ers111
21500977,112,104,Heat104_Raptors112
21500978,103,92,Pelicans92_Bucks103
21500979,93,85,Thunder85_Spurs93
21500980,116,100,Wizards100_Nuggets116
21500981,123,116,Suns116_Warriors123
21500982,121,84,Magic84_TrailBlazers121
21500983,90,114,Cavaliers114_Clippers90
21500984,104,75,Pacers75_Hawks104
21500985,100,109,Bucks109_Nets100
21500986,99,108,Jazz108_Kings99
21500987,87,90,Knicks90_Lakers87
21500988,96,107,Mavericks107_Hornets96
21500989,124,81,Pistons81_Wizards124
21500990,124,119,Nuggets119_Heat124
21500991,107,109,Bulls109_Raptors107
21500992,130,81,Grizzlies81_Rockets130
21500993,128,94,TrailBlazers94_Thunder128
21500994,94,85,Cavaliers85_Jazz94
21500995,107,104,Timberwolves104_Suns107
21500996,125,107,Pelicans107_Warriors125
21500997,103,98,Celtics98_Pacers103
21500998,116,110,Nuggets110_Magic116
21500999,131,114,76ers114_Nets131
21501000,89,107,Raptors107_Bucks89
21501001,108,87,Clippers87_Spurs108
21501002,98,106,Kings106_Lakers98
21501003,109,130,Thunder130_Celtics109
21501004,107,99,Magic99_Hornets107
21501005,99,98,Mavericks98_Cavaliers99
21501006,117,96,Bulls96_Wizards117
21501007,114,118,Hawks118_Pistons114
21501008,108,114,Timberwolves114_Grizzlies108
21501009,106,122,Clippers122_Rockets106
21501010,108,123,Pelicans123_Kings108
21501011,121,85,Knicks85_Warriors121
21501012,94,101,Raptors101_Pacers94
21501013,94,99,Wizards99_76ers94
21501014,106,109,Hornets109_Heat106
21501015,116,98,Nuggets98_Hawks116
21501016,118,102,Nets102_Bulls118
21501017,96,86,Grizzlies86_Bucks96
21501018,118,110,TrailBlazers110_Spurs118
21501019,103,69,Suns69_Jazz103
21501020,103,109,Cavaliers109_Magic103
21501021,97,111,Thunder111_76ers97
21501022,115,108,Kings108_Pistons115
21501023,105,91,Celtics91_Raptors105
21501024,116,111,Timberwolves111_Rockets116
21501025,112,117,TrailBlazers117_Pelicans112
21501026,112,130,Warriors130_Mavericks112
21501027,90,95,Suns95_Lakers90
21501028,93,101,Nuggets101_Hornets93
21501029,109,97,Rockets97_Hawks109
21501030,115,103,Nets103_Pistons115
21501031,111,115,Thunder115_Pacers111
21501032,99,89,Knicks89_Wizards99
21501033,122,101,Cavaliers101_Heat122
21501034,92,85,Jazz85_Bulls92
21501035,113,102,Clippers102_Grizzlies113
21501036,87,79,Warriors79_Spurs87
21501037,132,120,TrailBlazers120_Mavericks132
21501038,105,100,Magic100_Raptors105
21501039,105,120,Celtics120_76ers105
21501040,109,105,Clippers105_Pelicans109
21501041,85,94,Jazz94_Bucks85
21501042,80,88,Kings88_Knicks80
21501043,91,88,Spurs88_Hornets91
21501044,124,91,Nuggets91_Cavaliers124
21501045,91,75,76ers75_Pacers91
21501046,107,96,Magic96_Celtics107
21501047,92,91,Bucks91_Pistons92
21501048,102,117,Wizards117_Hawks102
21501049,109,102,Kings102_Bulls109
21501050,104,109,Warriors109_Timberwolves104
21501051,97,103,Grizzlies103_Suns97
21501052,100,105,Hornets105_Nets100
21501053,99,113,Heat113_Pelicans99
21501054,111,107,Rockets107_Thunder111
21501055,107,100,Grizzlies100_Lakers107
21501056,101,122,Hawks122_Wizards101
21501057,91,79,Raptors79_Celtics91
21501058,118,102,Magic102_Pistons118
21501059,113,104,Bucks104_Cavaliers113
21501060,107,115,Knicks115_Bulls107
21501061,87,89,Jazz89_Rockets87
21501062,113,104,Kings104_Timberwolves113
21501063,112,88,Heat88_Spurs112
21501064,104,103,76ers103_Nuggets104
21501065,119,107,Lakers107_Suns119
21501066,114,98,Clippers98_Warriors114
21501067,109,103,Mavericks103_TrailBlazers109
21501068,92,84,Pelicans84_Pacers92
21501069,104,95,Cavaliers95_Nets104
21501070,106,94,Bulls94_Knicks106
21501071,113,91,Jazz91_Thunder113
21501072,96,94,TrailBlazers94_Clippers96
21501073,129,132,Timberwolves132_Wizards129
21501074,112,105,Hornets105_Pistons112
21501075,108,97,Magic97_Heat108
21501076,101,90,Bucks90_Hawks101
21501077,112,109,Raptors109_Rockets112
21501078,110,104,Grizzlies104_Spurs110
21501079,116,94,Suns94_Kings116
21501080,128,120,Mavericks120_Warriors128
21501081,105,116,Nuggets116_Lakers105
21501082,120,110,Pacers110_Nets120
21501083,111,89,Bulls89_Magic111
21501084,91,115,Raptors115_Pelicans91
21501085,95,112,Hawks112_Pistons95
21501086,93,107,Cavaliers107_Knicks93
21501087,84,93,Jazz93_Timberwolves84
21501088,111,92,Spurs92_Thunder111
21501089,91,115,Hornets115_Bucks91
21501090,99,102,Celtics102_Suns99
21501091,108,105,76ers105_TrailBlazers108
21501092,105,90,Nuggets90_Clippers105
21501093,104,101,Rockets101_Pacers104
21501094,117,105,76ers105_Warriors117
21501095,133,111,Mavericks111_Kings133
21501096,88,101,Wizards101_Lakers88
21501097,110,99,Nets99_Heat110
21501098,100,119,Thunder119_Raptors100
21501099,100,102,Hawks102_Bulls100
21501100,87,101,Spurs101_Grizzlies87
21501101,121,116,Suns116_Timberwolves121
21501102,99,91,Knicks91_Pelicans99
21501103,88,97,Mavericks97_Nuggets88
21501104,123,75,Lakers75_Jazz123
21501105,105,93,Kings93_TrailBlazers105
21501106,114,90,Celtics90_Clippers114
21501107,96,98,Bulls98_Pacers96
21501108,139,105,Nets105_Magic139
21501109,85,100,Hornets100_76ers85
21501110,88,82,Thunder82_Pistons88
21501111,100,106,Rockets106_Cavaliers100
21501112,102,94,Wizards94_Warriors102
21501113,105,97,Hawks97_Raptors105
21501114,105,109,Nuggets109_Grizzlies105
21501115,105,94,Suns94_Bucks105
21501116,79,99,Clippers99_Timberwolves79
21501117,91,89,Knicks89_Mavericks91
21501118,100,92,Pelicans92_Spurs100
21501119,96,103,Warriors103_Jazz96
21501120,120,111,Wizards111_Kings120
21501121,102,100,Heat100_Lakers102
21501122,107,87,Nets87_Cavaliers107
21501123,94,114,Magic114_Pacers94
21501124,100,103,Bulls103_Rockets100
21501125,101,95,Nuggets95_Pelicans101
21501126,119,117,Clippers117_Thunder119
21501127,116,109,Celtics109_TrailBlazers116
21501128,100,91,76ers91_Hornets100
21501129,89,98,Mavericks98_Pistons89
21501130,105,91,Nets91_Knicks105
21501131,108,110,Cavaliers110_Hawks108
21501132,95,99,Raptors99_Grizzlies95
21501133,113,110,Magic110_Bucks113
21501134,98,85,Timberwolves85_Jazz98
21501135,106,112,Heat112_Kings106
21501136,106,109,Celtics109_Warriors106
21501137,99,106,Wizards106_Suns99
21501138,102,115,Pacers115_76ers102
21501139,90,94,Pistons94_Bulls90
21501140,102,95,Raptors95_Spurs102
21501141,106,115,Kings115_Nuggets106
21501142,110,93,Heat93_TrailBlazers110
21501143,87,106,Pelicans106_Nets87
21501144,112,103,Hornets103_Cavaliers112
21501145,118,110,Thunder110_Rockets118
21501146,78,88,Mavericks88_Timberwolves78
21501147,114,109,Wizards109_Clippers114
21501148,119,107,Grizzlies107_Magic119
21501149,86,101,Jazz101_Suns86
21501150,98,102,Bulls102_Bucks98
21501151,87,92,Pacers92_Knicks87
21501152,136,111,TrailBlazers111_Warriors136
21501153,100,107,Celtics107_Lakers100
21501154,107,93,Pelicans93_76ers107
21501155,107,89,Pistons89_Heat107
21501156,96,90,Hornets90_Raptors96
21501157,103,90,Suns90_Hawks103
21501158,108,92,Bulls92_Grizzlies108
21501159,80,109,Cavaliers109_Bucks80
21501160,102,124,Thunder124_Nuggets102
21501161,86,88,Spurs88_Jazz86
21501162,107,115,TrailBlazers115_Kings107
21501163,117,124,Timberwolves124_Warriors117
21501164,103,81,Lakers81_Clippers103
21501165,123,109,Cavaliers109_Pacers123
21501166,104,108,Pistons108_Magic104
21501167,121,103,Nets103_Wizards121
21501168,104,97,Pelicans97_Celtics104
21501169,97,111,Hornets111_Knicks97
21501170,88,86,Rockets86_Mavericks88
21501171,120,115,Thunder115_TrailBlazers120
21501172,81,91,Clippers91_Lakers81
21501173,95,87,Raptors87_Hawks95
21501174,106,98,Bulls98_Heat106
21501175,115,124,Suns124_Rockets115
21501176,97,105,Timberwolves105_Kings97
21501177,112,101,Spurs101_Warriors112
21501178,113,99,Nets99_Hornets113
21501179,112,109,Heat109_Magic112
21501180,102,109,Knicks109_76ers102
21501181,124,109,Bucks109_Celtics124
21501182,112,99,Wizards99_Pistons112
21501183,111,98,Pacers98_Raptors111
21501184,110,102,Lakers102_Pelicans110
21501185,103,93,Grizzlies93_Mavericks103
21501186,102,98,Spurs98_Nuggets102
21501187,99,102,Clippers102_Jazz99
21501188,118,107,Celtics107_Hawks118
21501189,100,121,Suns121_Pelicans100
21501190,99,100,Warriors100_Grizzlies99
21501191,105,102,Cavaliers102_Bulls105
21501192,105,106,Timberwolves106_TrailBlazers105
21501193,114,112,Thunder112_Kings114
21501194,113,98,Hornets98_Wizards113
21501195,130,110,Lakers110_Rockets130
21501196,98,91,Mavericks91_Clippers98
21501197,108,109,Bucks109_76ers108
21501198,84,100,Jazz100_Nuggets84
21501199,129,105,Nets105_Pacers129
21501200,118,96,Magic96_Heat118
21501201,86,92,Warriors92_Spurs86
21501202,89,93,Raptors93_Knicks89
21501203,109,94,Hawks94_Cavaliers109
21501204,107,98,Bucks98_Magic107
21501205,100,114,Hornets114_Celtics100
21501206,111,120,Wizards120_Nets111
21501207,105,129,Rockets129_Timberwolves105
21501208,116,121,Bulls121_Pelicans116
21501209,112,79,Lakers79_Thunder112
21501210,92,101,Mavericks101_Jazz92
21501211,101,105,Kings105_Suns101
21501212,102,90,Knicks90_Pacers102
21501213,93,99,Heat99_Pistons93
21501214,122,98,76ers98_Raptors122
21501215,102,98,Thunder98_Spurs102
21501216,110,84,Grizzlies84_Clippers110
21501217,98,88,Heat88_Celtics98
21501218,96,103,Raptors103_Nets96
21501219,117,103,Magic103_Hornets117
21501220,110,112,Pistons112_Cavaliers110
21501221,109,98,Hawks98_Wizards109
21501222,115,105,76ers105_Bulls115
21501223,91,96,Spurs96_Mavericks91
21501224,116,81,Kings81_Rockets116
21501225,92,97,Pacers97_Bucks92
21501226,144,109,Pelicans109_Timberwolves144
21501227,125,104,Grizzlies104_Warriors125
21501228,101,96,Jazz96_Lakers101
21501229,114,105,Clippers105_Suns114
21501230,107,99,Nuggets99_TrailBlazers107
21600001,117,88,Knicks88_Cavaliers117
21600002,113,104,Jazz104_TrailBlazers113
21600003,100,129,Spurs129_Warriors100
21600004,96,108,Heat108_Magic96
21600005,130,121,Mavericks121_Pacers130
21600006,122,117,Nets117_Celtics122
21600007,109,91,Pistons91_Raptors109
21600008,96,107,Hornets107_Bucks96
21600009,102,98,Timberwolves98_Grizzlies102
21600010,102,107,Nuggets107_Pelicans102
21600011,97,103,Thunder103_76ers97
21600012,94,113,Kings113_Suns94
21600013,120,114,Rockets114_Lakers120
21600014,114,99,Wizards99_Hawks114
21600015,105,99,Celtics99_Bulls105
21600016,94,102,Spurs102_Kings94
21600017,106,114,Clippers114_TrailBlazers106
21600018,91,94,Cavaliers94_Raptors91
21600019,103,94,Pacers94_Nets103
21600020,108,82,Magic82_Pistons108
21600021,113,110,Suns110_Thunder113
21600022,91,97,Hornets97_Heat91
21600023,98,106,Rockets106_Mavericks98
21600024,96,89,Lakers89_Jazz96
21600025,114,122,Warriors122_Pelicans114
21600026,72,104,Hawks104_76ers72
21600027,98,104,Celtics104_Hornets98
21600028,111,104,Grizzlies104_Knicks111
21600029,105,99,Magic99_Cavaliers105
21600030,118,101,Pacers101_Bulls118
21600031,110,108,Nets108_Bucks110
21600032,98,79,Pelicans79_Spurs98
21600033,113,115,TrailBlazers115_Nuggets113
21600034,106,103,Timberwolves103_Kings106
21600035,88,75,Jazz75_Clippers88
21600036,100,106,Warriors106_Suns100
21600037,99,106,Spurs106_Heat99
21600038,98,83,Bucks83_Pistons98
21600039,112,103,Wizards103_Grizzlies112
21600040,113,96,Lakers96_Thunder113
21600041,93,92,Mavericks92_Rockets93
21600042,105,102,Nuggets102_Raptors105
21600043,88,118,Bulls118_Nets88
21600044,106,95,Kings95_Hawks106
21600045,116,98,Suns98_Clippers116
21600046,101,103,Magic103_76ers101
21600047,128,120,Rockets120_Cavaliers128
21600048,115,108,Lakers108_Pacers115
21600049,108,96,Kings96_Heat108
21600050,102,89,Knicks89_Pistons102
21600051,113,117,Bucks117_Pelicans113
21600052,116,80,Grizzlies80_Timberwolves116
21600053,91,106,Jazz106_Spurs91
21600054,104,127,Warriors127_TrailBlazers104
21600055,103,113,Raptors113_Wizards103
21600056,109,93,76ers93_Hornets109
21600057,109,101,Pistons101_Nets109
21600058,99,118,Rockets118_Knicks99
21600059,116,123,Lakers123_Hawks116
21600060,89,83,Pelicans83_Grizzlies89
21600061,107,100,Bulls100_Celtics107
21600062,97,81,Mavericks81_Jazz97
21600063,118,115,TrailBlazers115_Suns118
21600064,83,85,Thunder85_Clippers83
21600065,102,94,Kings94_Magic102
21600066,125,107,Pacers107_Bucks125
21600067,99,102,Nuggets102_Timberwolves99
21600068,128,122,Celtics122_Cavaliers128
21600069,122,96,Thunder96_Warriors122
21600070,95,92,Hawks92_Wizards95
21600071,96,87,Heat87_Raptors96
21600072,95,99,Hornets99_Nets95
21600073,104,117,Knicks117_Bulls104
21600074,88,99,Clippers99_Grizzlies88
21600075,111,112,Suns112_Pelicans111
21600076,95,105,TrailBlazers105_Mavericks95
21600077,86,100,Spurs100_Jazz86
21600078,117,97,Warriors97_Lakers117
21600079,112,92,Timberwolves92_Thunder112
21600080,101,102,Cavaliers102_76ers101
21600081,88,86,Wizards86_Magic88
21600082,103,86,Nuggets86_Pistons103
21600083,111,94,Bulls94_Pacers111
21600084,112,97,Rockets97_Hawks112
21600085,117,91,Kings91_Bucks117
21600086,92,116,Clippers116_Spurs92
21600087,109,114,Jazz114_Knicks109
21600088,94,100,TrailBlazers100_Grizzlies94
21600089,91,96,Kings96_Raptors91
21600090,86,75,Bucks75_Mavericks86
21600091,107,123,Nuggets123_Celtics107
21600092,119,108,Suns108_Lakers119
21600093,84,109,Jazz109_76ers84
21600094,106,114,Rockets114_Wizards106
21600095,122,100,Pacers100_Hornets122
21600096,112,80,Magic80_Bulls112
21600097,97,85,Heat85_Thunder97
21600098,114,82,Pistons82_Clippers114
21600099,116,106,Pelicans106_Warriors116
21600100,106,110,Hawks110_Cavaliers106
21600101,119,110,Timberwolves110_Nets119
21600102,108,107,Nuggets107_Grizzlies108
21600103,124,121,Suns121_TrailBlazers124
21600104,97,109,Mavericks109_Lakers97
21600105,102,94,Pelicans94_Kings102
21600106,110,96,Nets96_Knicks110
21600107,118,93,Celtics93_Wizards118
21600108,104,98,Jazz98_Hornets104
21600109,107,123,Timberwolves123_Magic107
21600110,122,115,76ers115_Pacers122
21600111,115,107,Bulls107_Hawks115
21600112,102,112,Raptors112_Thunder102
21600113,107,100,Pistons100_Suns107
21600114,99,101,Rockets101_Spurs99
21600115,111,80,TrailBlazers80_Clippers111
21600116,116,95,Mavericks95_Warriors116
21600117,106,112,Pelicans112_Bucks106
21600118,95,98,Bulls98_Heat95
21600119,101,125,Warriors125_Nuggets101
21600120,91,101,Lakers101_Kings91
21600121,109,105,Pacers105_76ers109
21600122,94,105,Cavaliers105_Wizards94
21600123,111,113,Raptors113_Hornets111
21600124,74,87,Jazz87_Magic74
21600125,115,87,Knicks87_Celtics115
21600126,108,110,Clippers110_Thunder108
21600127,96,86,Pistons86_Spurs96
21600128,122,120,Kings120_TrailBlazers122
21600129,99,126,Lakers126_Pelicans99
21600130,99,105,Celtics105_Pacers99
21600131,118,107,Knicks107_Raptors118
21600132,117,96,76ers96_Hawks117
21600133,106,95,Wizards95_Bulls106
21600134,100,106,Spurs106_Rockets100
21600135,105,119,Clippers119_Timberwolves105
21600136,91,102,Jazz102_Heat91
21600137,106,96,Grizzlies96_Bucks106
21600138,95,106,Pistons106_Nuggets95
21600139,104,122,Nets122_Suns104
21600140,100,93,Hornets93_Cavaliers100
21600141,117,119,Magic119_Thunder117
21600142,125,99,Lakers99_Timberwolves125
21600143,133,120,Suns120_Warriors133
21600144,112,105,Nuggets105_TrailBlazers112
21600145,88,69,Magic69_Pacers88
21600146,93,77,Mavericks77_Knicks93
21600147,104,88,Thunder88_Pistons104
21600148,106,105,Celtics105_Pelicans106
21600149,115,88,76ers88_Rockets115
21600150,94,90,Heat90_Spurs94
21600151,96,102,Grizzlies102_Jazz96
21600152,127,95,Nets95_Clippers127
21600153,121,117,Raptors117_Cavaliers121
21600154,90,93,Hawks93_Heat90
21600155,108,115,Hornets115_Timberwolves108
21600156,88,113,Bulls113_TrailBlazers88
21600157,125,118,Nets118_Lakers125
21600158,109,102,Wizards102_76ers109
21600159,89,82,Pelicans82_Magic89
21600160,103,93,Cavaliers93_Pacers103
21600161,90,83,Mavericks83_Celtics90
21600162,105,102,Pistons102_Knicks105
21600163,107,100,Bucks100_Hawks107
21600164,105,103,Rockets103_Thunder105
21600165,121,127,Warriors127_Raptors121
21600166,120,104,Suns104_Nuggets120
21600167,107,111,Grizzlies111_Clippers107
21600168,105,110,Spurs110_Kings105
21600169,119,112,Knicks112_Wizards119
21600170,96,73,Bucks73_Heat96
21600171,126,109,TrailBlazers109_Rockets126
21600172,110,86,76ers86_Timberwolves110
21600173,77,85,Bulls85_Jazz77
21600174,100,96,Hawks96_Hornets100
21600175,104,81,Pistons81_Cavaliers104
21600176,96,116,Suns116_Pacers96
21600177,113,101,TrailBlazers101_Pelicans113
21600178,124,105,Nets105_Thunder124
21600179,88,104,Warriors104_Celtics88
21600180,64,80,Grizzlies80_Mavericks64
21600181,111,113,Raptors113_Nuggets111
21600182,107,116,Spurs116_Lakers107
21600183,115,121,Clippers121_Kings115
21600184,111,102,Jazz102_Rockets111
21600185,121,116,Hornets116_Pelicans121
21600186,111,114,Heat114_Wizards111
21600187,95,87,Mavericks87_Magic95
21600188,92,94,Celtics94_Pistons92
21600189,120,105,Suns105_76ers120
21600190,93,71,Timberwolves71_Grizzlies93
21600191,121,124,Warriors124_Bucks121
21600192,102,95,Bulls95_Clippers102
21600193,104,94,Hawks94_Knicks104
21600194,109,129,TrailBlazers129_Nets109
21600195,111,115,Pacers115_Thunder111
21600196,102,99,Raptors99_Kings102
21600197,105,91,Jazz91_Nuggets105
21600198,110,118,Bulls118_Lakers110
21600199,101,94,Heat94_76ers101
21600200,106,101,Suns101_Wizards106
21600201,90,105,Grizzlies105_Hornets90
21600202,83,120,Warriors120_Pacers83
21600203,96,99,Rockets99_Pistons96
21600204,93,89,Magic89_Bucks93
21600205,93,99,Celtics99_Timberwolves93
21600206,96,91,Mavericks91_Spurs96
21600207,123,115,Raptors115_Clippers123
21600208,107,103,TrailBlazers103_Knicks107
21600209,94,112,Pelicans112_Hawks94
21600210,110,107,Bulls107_Nuggets110
21600211,111,109,Thunder109_Lakers111
21600212,99,104,Grizzlies104_76ers99
21600213,114,119,Spurs119_Hornets114
21600214,87,92,Suns92_Magic87
21600215,137,125,TrailBlazers125_Cavaliers137
21600216,85,96,Hawks96_Pacers85
21600217,92,111,Celtics111_Nets92
21600218,107,84,Heat84_Pistons107
21600219,102,115,Raptors115_Rockets102
21600220,104,124,Clippers124_Mavericks104
21600221,108,83,Nuggets83_Jazz108
21600222,117,96,Timberwolves96_Pelicans117
21600223,149,106,Lakers106_Warriors149
21600224,116,101,Thunder101_Kings116
21600225,103,109,Spurs109_Celtics103
21600226,91,94,Wizards94_Magic91
21600227,128,90,Mavericks90_Cavaliers128
21600228,113,111,Hornets111_Knicks113
21600229,89,105,Bulls105_76ers89
21600230,108,97,Clippers97_Pistons108
21600231,95,68,Hawks68_Jazz95
21600232,99,105,Raptors105_Bucks99
21600233,81,90,Heat90_Grizzlies81
21600234,118,97,Nets97_Pacers118
21600235,129,132,Thunder132_Nuggets129
21600236,85,98,Timberwolves98_Suns85
21600237,119,104,Pelicans104_TrailBlazers119
21600238,85,109,Warriors109_Lakers85
21600239,104,117,Rockets117_Kings104
21600240,100,112,Spurs112_Wizards100
21600241,107,102,Knicks102_Hornets107
21600242,106,88,Pistons88_Thunder106
21600243,107,110,Grizzlies110_Heat107
21600244,115,102,Timberwolves102_Warriors115
21600245,108,112,Cavaliers112_76ers108
21600246,114,120,Nuggets120_Suns114
21600247,105,122,Kings122_Nets105
21600248,96,104,Bucks104_Magic96
21600249,91,70,Clippers70_Pacers91
21600250,91,81,Pelicans81_Mavericks91
21600251,114,130,Rockets130_TrailBlazers114
21600252,109,94,Hawks94_Lakers109
21600253,101,95,Kings95_Wizards101
21600254,122,95,76ers95_Raptors122
21600255,103,112,Thunder112_Knicks103
21600256,104,112,Celtics112_Heat104
21600257,85,104,Hornets104_Grizzlies85
21600258,103,112,Jazz112_Timberwolves103
21600259,105,100,Hawks100_Warriors105
21600260,89,112,Pistons112_Hornets89
21600261,127,122,Clippers122_Nets127
21600262,118,101,Cavaliers101_Bucks118
21600263,105,88,Lakers88_Pelicans105
21600264,83,95,Magic95_Spurs83
21600265,120,101,Rockets101_Jazz120
21600266,122,119,Kings119_76ers122
21600267,114,121,Pistons121_Celtics114
21600268,120,105,Grizzlies105_Raptors120
21600269,90,96,Lakers96_Bulls90
21600270,126,115,Wizards115_Thunder126
21600271,104,106,Knicks106_Timberwolves104
21600272,87,94,Spurs94_Mavericks87
21600273,98,106,Heat106_Nuggets98
21600274,109,107,Hawks107_Suns109
21600275,131,109,Pacers109_TrailBlazers131
21600276,97,87,Mavericks87_Hornets97
21600277,93,111,Bucks111_Nets93
21600278,95,94,Magic94_Grizzlies95
21600279,94,113,Clippers113_Cavaliers94
21600280,110,111,Heat111_Jazz110
21600281,127,132,Rockets132_Warriors127
21600282,88,105,Magic105_76ers88
21600283,97,92,Kings92_Celtics97
21600284,113,80,Lakers80_Raptors113
21600285,118,114,Timberwolves114_Knicks118
21600286,111,105,Cavaliers105_Bulls111
21600287,96,114,Clippers114_Pelicans96
21600288,85,121,Pistons121_Hawks85
21600289,107,105,Wizards105_Spurs107
21600290,110,128,Rockets128_Nuggets110
21600291,112,103,Nets103_Bucks112
21600292,120,125,Timberwolves125_Hornets120
21600293,128,84,Hawks84_Raptors128
21600294,106,107,Celtics107_76ers106
21600295,103,100,Lakers100_Grizzlies103
21600296,107,82,Bulls82_Mavericks107
21600297,105,98,Nuggets98_Jazz105
21600298,99,92,Heat92_TrailBlazers99
21600299,138,109,Suns109_Warriors138
21600300,92,98,Magic98_Pistons92
21600301,101,92,Pelicans92_Thunder101
21600302,106,98,Kings98_Knicks106
21600303,102,111,Pacers111_Clippers102
21600304,98,106,Nuggets106_76ers98
21600305,112,116,Cavaliers116_Raptors112
21600306,113,118,Wizards118_Nets113
21600307,99,102,Thunder102_Hawks99
21600308,110,112,TrailBlazers112_Bulls110
21600309,96,97,Spurs97_Bucks96
21600310,108,110,Grizzlies110_Pelicans108
21600311,107,106,Celtics106_Rockets107
21600312,101,109,Hornets109_Mavericks101
21600313,101,107,Jazz107_Lakers101
21600314,142,106,Pacers106_Warriors142
21600315,116,124,Magic124_Wizards116
21600316,103,114,Knicks114_Heat103
21600317,102,91,Bulls91_Pistons102
21600318,96,91,76ers91_Grizzlies96
21600319,91,105,Spurs105_Timberwolves91
21600320,112,105,Suns105_Jazz112
21600321,87,77,Pistons77_Hornets87
21600322,87,117,Celtics117_Magic87
21600323,116,111,Nuggets111_Nets116
21600324,103,95,Heat95_Hawks103
21600325,115,107,TrailBlazers107_Bucks115
21600326,134,95,Lakers95_Rockets134
21600327,94,126,Cavaliers126_Knicks94
21600328,89,120,Kings120_Mavericks89
21600329,94,109,Pacers109_Suns94
21600330,98,115,Warriors115_Clippers98
21600331,124,110,Timberwolves110_Raptors124
21600332,92,85,Nuggets85_Wizards92
21600333,88,86,TrailBlazers86_Grizzlies88
21600334,88,99,76ers99_Pelicans88
21600335,99,106,Warriors106_Jazz99
21600336,95,91,Spurs91_Bulls95
21600337,109,88,Magic88_Hornets109
21600338,114,84,Heat84_Cavaliers114
21600339,94,101,Raptors101_Celtics94
21600340,110,114,Hawks114_Bucks110
21600341,99,102,Rockets102_Thunder99
21600342,90,117,Pistons117_Timberwolves90
21600343,111,103,Pacers103_Mavericks111
21600344,115,119,Suns119_Lakers115
21600345,100,103,Knicks103_Kings100
21600346,110,105,Bucks105_Wizards110
21600347,113,121,Nuggets121_Magic113
21600348,118,111,TrailBlazers111_Pacers118
21600349,116,105,Hornets105_Cavaliers116
21600350,105,100,Heat100_Bulls105
21600351,110,89,Warriors89_Grizzlies110
21600352,109,87,Mavericks87_Rockets109
21600353,130,101,Nets101_Spurs130
21600354,104,84,Kings84_Jazz104
21600355,133,105,Pelicans105_Clippers133
21600356,79,97,76ers97_Pistons79
21600357,99,96,Celtics96_Thunder99
21600358,108,116,Warriors116_Timberwolves108
21600359,119,120,Pelicans120_Suns119
21600360,112,118,Knicks118_Lakers112
21600361,110,94,Hornets94_Pacers110
21600362,122,100,Bucks100_Raptors122
21600363,112,101,Wizards101_Heat112
21600364,122,118,Nets118_Rockets122
21600365,112,92,Nuggets92_Mavericks112
21600366,121,120,TrailBlazers120_Clippers121
21600367,116,92,Lakers92_Kings116
21600368,103,86,Grizzlies86_Cavaliers103
21600369,120,131,Magic131_Hawks120
21600370,94,99,Timberwolves99_Bulls94
21600371,109,113,Warriors113_Pelicans109
21600372,113,111,Knicks111_Suns113
21600373,114,95,Thunder95_TrailBlazers114
21600374,114,123,Raptors123_76ers114
21600375,109,106,Hornets106_Wizards109
21600376,108,113,Clippers113_Magic108
21600377,95,89,Pacers89_Heat95
21600378,107,97,Lakers97_Nets107
21600379,93,85,Cavaliers85_Grizzlies93
21600380,132,98,Kings98_Rockets132
21600381,85,95,Pistons95_Mavericks85
21600382,109,89,Thunder89_Jazz109
21600383,108,101,Celtics101_Spurs108
21600384,108,97,Bulls97_Bucks108
21600385,102,95,Pacers95_Pelicans102
21600386,132,120,TrailBlazers120_Nuggets132
21600387,92,107,Spurs107_Suns92
21600388,103,90,Knicks90_Warriors103
21600389,122,108,Pistons108_Wizards122
21600390,118,111,Nets111_Magic118
21600391,96,88,Hornets88_Celtics96
21600392,121,125,Hawks125_Raptors121
21600393,69,95,Bucks95_Bulls69
21600394,92,96,Kings96_Grizzlies92
21600395,122,100,Pelicans100_Rockets122
21600396,89,100,Lakers100_76ers89
21600397,98,102,Clippers102_Heat98
21600398,103,100,Mavericks100_Jazz103
21600399,114,101,Suns101_Thunder114
21600400,90,105,Pacers105_Pistons90
21600401,99,107,Hornets107_Hawks99
21600402,119,108,Lakers108_Cavaliers119
21600403,109,111,Rockets111_Timberwolves109
21600404,127,114,Knicks114_Nuggets127
21600405,135,90,TrailBlazers90_Warriors135
21600406,117,110,Clippers110_Wizards117
21600407,73,82,Jazz82_Grizzlies73
21600408,108,107,Nets107_76ers108
21600409,79,109,Raptors109_Magic79
21600410,95,105,Celtics105_Heat95
21600411,99,79,Kings79_Mavericks99
21600412,113,100,Pelicans100_Spurs113
21600413,107,105,Wizards105_Pacers107
21600414,113,82,Pistons82_Bulls113
21600415,108,110,Hawks110_Thunder108
21600416,115,108,Suns108_Timberwolves115
21600417,117,107,Mavericks107_Nuggets117
21600418,93,108,Pelicans108_76ers93
21600419,117,113,Lakers113_Hornets117
21600420,116,104,Nets104_Raptors116
21600421,118,111,Pacers111_Knicks118
21600422,130,136,Magic136_Heat130
21600423,108,114,Cavaliers114_Bucks108
21600424,109,112,Celtics112_Grizzlies109
21600425,100,102,Spurs102_Rockets100
21600426,119,102,Nuggets102_Clippers119
21600427,104,74,Jazz74_Warriors104
21600428,126,121,TrailBlazers121_Kings126
21600429,113,102,Bucks102_Cavaliers113
21600430,84,92,Timberwolves92_Hawks84
21600431,86,98,Grizzlies98_Pistons86
21600432,97,107,Wizards107_Bulls97
21600433,110,121,Thunder121_Pelicans110
21600434,93,94,Kings94_Jazz93
21600435,111,125,Rockets125_Suns111
21600436,95,96,Mavericks96_TrailBlazers95
21600437,101,117,Warriors117_Nets101
21600438,106,95,Magic95_Knicks106
21600439,115,107,Lakers107_Heat115
21600440,102,109,Celtics109_Pacers102
21600441,106,101,Spurs101_Clippers106
21600442,103,91,Bulls91_Hornets103
21600443,109,90,Lakers90_Magic109
21600444,119,99,Nets99_Cavaliers119
21600445,112,117,Thunder117_Celtics112
21600446,113,119,Warriors119_Pistons113
21600447,123,96,Wizards96_Bucks123
21600448,115,109,Rockets109_Grizzlies115
21600449,91,87,Heat87_Pelicans91
21600450,105,109,Kings109_Timberwolves105
21600451,108,109,Hawks109_Nuggets108
21600452,98,104,Raptors104_Jazz98
21600453,123,116,76ers116_Suns123
21600454,90,110,Spurs110_TrailBlazers90
21600455,88,90,Mavericks90_Clippers88
21600456,114,119,Celtics119_Knicks114
21600457,109,108,Warriors108_Cavaliers109
21600458,119,100,Bulls100_Spurs119
21600459,112,100,Timberwolves100_Thunder112
21600460,111,102,Clippers102_Lakers111
21600461,107,102,Bucks102_Wizards107
21600462,112,102,Grizzlies102_Magic112
21600463,120,118,Hornets118_Nets120
21600464,106,90,Cavaliers90_Pistons106
21600465,90,85,Pacers85_Bulls90
21600466,111,104,Mavericks104_Pelicans111
21600467,131,115,Suns115_Rockets131
21600468,104,90,Hawks90_Timberwolves104
21600469,91,95,Raptors95_TrailBlazers91
21600470,102,106,Nuggets106_Clippers102
21600471,102,100,76ers100_Kings102
21600472,113,103,Grizzlies103_Celtics113
21600473,94,106,Thunder106_Heat94
21600474,107,123,Rockets123_Mavericks107
21600475,100,102,Jazz102_Lakers100
21600476,111,105,Pacers105_Wizards111
21600477,101,120,Hornets120_Magic101
21600478,102,98,Knicks98_Hawks102
21600479,94,119,Bucks119_Pistons94
21600480,101,99,Nets99_Bulls101
21600481,102,98,Clippers98_Pelicans102
21600482,119,98,Suns98_Spurs119
21600483,105,103,Timberwolves103_Nuggets105
21600484,102,89,Kings89_TrailBlazers102
21600485,121,111,Raptors111_Warriors121
21600486,91,82,Heat82_Hornets91
21600487,114,80,Thunder80_Grizzlies114
21600488,124,118,Celtics118_Cavaliers124
21600489,100,83,76ers83_Jazz100
21600490,99,91,Raptors91_Suns99
21600491,89,101,Mavericks101_Lakers89
21600492,111,101,Bulls101_Pacers111
21600493,118,95,Nets95_Wizards118
21600494,117,114,Heat114_Celtics117
21600495,104,92,Knicks92_Pelicans104
21600496,140,116,Clippers116_Rockets140
21600497,116,99,Bucks99_Timberwolves116
21600498,105,98,Pistons98_Hawks105
21600499,110,94,TrailBlazers94_Spurs110
21600500,122,124,76ers124_Nuggets122
21600501,108,99,Mavericks99_Warriors108
21600502,98,112,Grizzlies112_Kings98
21600503,96,116,Bucks116_Bulls96
21600504,129,122,Knicks122_Rockets129
21600505,109,121,Cavaliers121_Hornets109
21600506,91,86,Suns86_Jazz91
21600507,114,88,Clippers88_Thunder114
21600508,114,112,Spurs112_Hawks114
21600509,98,107,Pistons107_Heat98
21600510,117,104,Magic104_Pacers117
21600511,89,95,TrailBlazers95_Timberwolves89
21600512,114,123,Raptors123_Lakers114
21600513,98,94,Thunder94_Bucks98
21600514,90,82,Pelicans82_Cavaliers90
21600515,89,101,Jazz101_Nets89
21600516,103,115,Magic115_Knicks103
21600517,118,111,Hornets111_Bulls118
21600518,101,91,Wizards91_Rockets101
21600519,109,98,Suns98_Clippers109
21600520,127,119,Nuggets119_Warriors127
21600521,93,91,Timberwolves91_76ers93
21600522,115,104,Jazz104_Celtics115
21600523,116,121,Pacers121_Pistons116
21600524,113,105,Wizards105_Mavericks113
21600525,110,82,Raptors82_Spurs110
21600526,113,120,Kings120_Nuggets113
21600527,99,90,Heat90_Suns99
21600528,116,102,Grizzlies102_Lakers116
21600529,123,112,Thunder112_Hornets123
21600530,92,111,Hawks111_Magic92
21600531,104,105,Bucks105_Knicks104
21600532,94,106,Bulls106_Cavaliers94
21600533,115,106,Grizzlies106_Clippers115
21600534,125,117,TrailBlazers117_Warriors125
21600535,102,107,Heat107_Kings102
21600536,121,109,Nets109_Pacers121
21600537,101,93,Jazz93_Raptors101
21600538,115,114,Hornets114_Pistons115
21600539,94,99,Hawks99_Pelicans94
21600540,118,116,Thunder116_Rockets118
21600541,95,102,Suns102_Mavericks95
21600542,118,109,Lakers109_TrailBlazers118
21600543,99,127,Spurs127_Nuggets99
21600544,112,105,Timberwolves105_Wizards112
21600545,93,100,Rockets100_Magic93
21600546,110,106,76ers106_Celtics110
21600547,108,116,Cavaliers116_Nets108
21600548,111,116,Knicks116_Bucks111
21600549,127,100,Heat100_Lakers127
21600550,119,128,Grizzlies128_Warriors119
21600551,98,106,Clippers106_Kings98
21600552,123,109,Knicks109_Pacers123
21600553,117,108,Pelicans108_Celtics117
21600554,123,118,Raptors118_Bulls123
21600555,121,106,Nuggets106_Thunder121
21600556,92,94,Jazz94_Timberwolves92
21600557,82,97,Hawks97_Mavericks82
21600558,102,85,Hornets85_Spurs102
21600559,124,125,Pistons125_TrailBlazers124
21600560,95,105,76ers105_Nets95
21600561,98,86,Heat86_Clippers98
21600562,101,107,Wizards107_Bucks101
21600563,122,129,Rockets129_Raptors122
21600564,88,79,Jazz79_Grizzlies88
21600565,116,120,Cavaliers120_Suns116
21600566,106,117,Warriors117_Kings106
21600567,111,95,Magic95_Lakers111
21600568,96,110,Pelicans110_Knicks96
21600569,94,109,Thunder109_Bulls94
21600570,101,92,Mavericks92_Timberwolves101
21600571,101,99,Bulls99_Wizards101
21600572,114,106,Celtics106_Raptors114
21600573,97,117,Hawks117_Nets97
21600574,121,114,Hornets114_Rockets121
21600575,107,109,Bucks109_Spurs107
21600576,100,92,Cavaliers92_Jazz100
21600577,87,108,TrailBlazers108_Lakers87
21600578,107,95,Heat95_Warriors107
21600579,100,94,Pistons94_Kings100
21600580,98,97,Knicks97_76ers98
21600581,103,95,Grizzlies95_Thunder103
21600582,119,105,Rockets105_Timberwolves119
21600583,117,108,Wizards108_Celtics117
21600584,105,96,Magic96_Clippers105
21600585,102,86,Cavaliers86_TrailBlazers102
21600586,95,104,Pelicans104_Nets95
21600587,104,89,Bulls89_Knicks104
21600588,134,94,Lakers94_Spurs134
21600589,140,112,nan112_nan140
21600590,127,107,Pistons107_Warriors127
21600591,108,113,Mavericks113_Suns108
21600592,132,113,Nets113_Raptors132
21600593,102,93,Hornets93_76ers102
21600594,116,108,Heat108_Bucks116
21600595,105,110,Grizzlies110_Rockets105
21600596,96,86,Thunder86_Timberwolves96
21600597,101,103,Celtics103_Hawks101
21600598,109,115,Magic115_TrailBlazers109
21600599,108,120,Cavaliers120_Kings108
21600600,110,77,Pistons77_Jazz110
21600601,113,97,Lakers97_Clippers113
21600602,107,99,Pelicans99_Bulls107
21600603,109,93,76ers93_Wizards109
21600604,114,107,Magic107_Jazz114
21600605,108,105,Spurs105_Suns108
21600606,116,101,Knicks101_Raptors116
21600607,111,98,Bucks98_Hawks111
21600608,98,87,Timberwolves87_Mavericks98
21600609,112,137,Rockets137_Nets112
21600610,118,122,Thunder122_Kings118
21600611,104,108,Bulls108_Grizzlies104
21600612,97,102,Pistons102_Lakers97
21600613,107,108,Hawks108_Knicks107
21600614,120,101,TrailBlazers101_Wizards120
21600615,104,113,76ers113_Bucks104
21600616,98,95,Pelicans95_Pacers98
21600617,125,112,Magic112_Nuggets125
21600618,108,98,Hornets98_Celtics108
21600619,126,91,Cavaliers91_Warriors126
21600620,101,106,Jazz106_Suns101
21600621,120,98,Thunder98_Clippers120
21600622,109,119,Raptors119_Nets109
21600623,109,103,Rockets103_Heat109
21600624,98,99,Mavericks99_Bulls98
21600625,122,114,Timberwolves114_Spurs122
21600626,121,127,Nuggets127_Lakers121
21600627,94,89,Raptors89_76ers94
21600628,104,101,Grizzlies101_Wizards104
21600629,107,85,TrailBlazers85_Hornets107
21600630,106,117,Knicks117_Celtics106
21600631,118,98,Magic98_Pelicans118
21600632,111,92,Bucks92_Rockets111
21600633,118,95,Hawks95_Pistons118
21600634,121,100,Thunder100_Warriors121
21600635,100,106,Pacers106_Kings100
21600636,118,103,Suns103_Cavaliers118
21600637,99,95,Mavericks95_Heat99
21600638,110,113,Wizards113_Knicks110
21600639,118,104,Nuggets104_Spurs118
21600640,101,104,Timberwolves104_Clippers101
21600641,93,92,TrailBlazers92_76ers93
21600642,113,78,Raptors78_Hornets113
21600643,112,96,Bucks96_Magic112
21600644,107,91,Kings91_Grizzlies107
21600645,114,143,Nets143_Pelicans114
21600646,108,125,Warriors125_Rockets108
21600647,102,93,Bulls93_Hawks102
21600648,107,112,Jazz112_Mavericks107
21600649,108,95,Pacers95_Lakers108
21600650,123,127,TrailBlazers127_Celtics123
21600651,113,112,Wizards112_Pistons113
21600652,112,105,Nets105_Hornets112
21600653,110,93,76ers93_Hawks110
21600654,105,107,Suns107_Knicks105
21600655,109,97,Bucks97_Heat109
21600656,95,119,Rockets119_Grizzlies95
21600657,115,118,Spurs118_Cavaliers115
21600658,123,98,Clippers98_Nuggets123
21600659,109,100,Pacers100_Jazz109
21600660,102,99,Kings99_Bulls102
21600661,98,118,Warriors118_Magic98
21600662,122,73,Lakers73_Mavericks122
21600663,103,115,Suns115_Raptors103
21600664,111,108,Nuggets108_Timberwolves111
21600665,99,109,Wizards109_Hornets99
21600666,86,112,Spurs112_Nets86
21600667,105,115,Clippers115_Hawks105
21600668,105,102,Warriors102_Heat105
21600669,104,109,Kings109_Pistons104
21600670,127,114,Rockets114_Bucks127
21600671,124,122,Cavaliers122_Pelicans124
21600672,103,109,Knicks109_Pacers103
21600673,95,97,Thunder97_Jazz95
21600674,106,108,Spurs108_Raptors106
21600675,121,110,Clippers110_76ers121
21600676,123,108,Celtics108_Wizards123
21600677,92,100,Bulls100_Magic92
21600678,103,93,Jazz93_Nuggets103
21600679,111,112,Timberwolves112_Suns111
21600680,112,116,Kings116_Cavaliers112
21600681,120,109,Rockets109_Celtics120
21600682,106,109,Heat109_Nets106
21600683,114,119,Hawks119_Bulls114
21600684,109,114,76ers114_Bucks109
21600685,101,99,Raptors99_Grizzlies101
21600686,105,114,Thunder114_Pelicans105
21600687,103,113,Warriors113_Hornets103
21600688,103,95,Knicks95_Mavericks103
21600689,105,98,Lakers98_TrailBlazers105
21600690,109,98,Mavericks98_Thunder109
21600691,103,109,Pacers109_Timberwolves103
21600692,127,120,Suns120_Nuggets127
21600693,96,88,Lakers88_Jazz96
21600694,118,123,Rockets123_76ers118
21600695,124,116,Nets116_Cavaliers124
21600696,115,111,Kings111_Pacers115
21600697,128,98,Magic98_Celtics128
21600698,102,86,Bucks86_Raptors102
21600699,110,107,Hornets107_Knicks110
21600700,88,100,Heat100_Bulls88
21600701,119,103,Spurs103_Pelicans119
21600702,86,112,Wizards112_Hawks86
21600703,112,109,Grizzlies109_TrailBlazers112
21600704,106,109,Kings109_Hornets106
21600705,116,103,Pistons103_Heat116
21600706,108,112,Celtics112_Bucks108
21600707,144,98,Clippers98_Warriors144
21600708,95,102,Grizzlies102_Jazz95
21600709,112,123,Nuggets123_Suns112
21600710,129,109,Nets109_Timberwolves129
21600711,142,139,Knicks139_Hawks142
21600712,107,91,Thunder91_Cavaliers107
21600713,120,101,Rockets101_Pacers120
21600714,94,107,Wizards107_Pelicans94
21600715,113,114,Magic114_Raptors113
21600716,121,108,76ers108_Bulls121
21600717,101,105,Mavericks105_Spurs101
21600718,111,113,Warriors113_TrailBlazers111
21600719,104,96,Nets96_Heat104
21600720,111,105,Magic105_Timberwolves111
21600721,113,109,Pistons109_Celtics113
21600722,104,97,Cavaliers97_Mavericks104
21600723,96,115,Grizzlies115_Suns96
21600724,117,101,Knicks101_Wizards117
21600725,108,106,Pelicans106_Raptors108
21600726,105,83,Kings83_Rockets105
21600727,108,94,Thunder94_Spurs108
21600728,115,98,Hornets98_TrailBlazers115
21600729,120,116,Nuggets116_Lakers120
21600730,88,98,Pacers98_Magic88
21600731,125,97,Timberwolves97_Cavaliers125
21600732,109,104,Raptors104_Celtics109
21600733,90,95,Knicks95_Nets90
21600734,116,93,Hawks93_Heat116
21600735,118,98,Pelicans98_Pistons118
21600736,113,95,76ers95_Mavericks113
21600737,99,119,Grizzlies119_Nuggets99
21600738,104,88,Bucks88_Jazz104
21600739,114,124,Clippers124_Suns114
21600740,100,128,Bulls128_Thunder100
21600741,126,111,Hornets111_Warriors126
21600742,116,108,Lakers108_Wizards116
21600743,108,113,Hawks113_Rockets108
21600744,102,86,76ers86_Spurs102
21600745,120,133,Warriors133_Clippers120
21600746,102,94,Raptors94_Magic102
21600747,97,106,Pacers106_Nets97
21600748,116,108,Timberwolves108_Pistons116
21600749,121,117,Bulls117_Rockets121
21600750,114,102,Grizzlies102_Thunder114
21600751,113,107,Lakers107_Celtics113
21600752,121,117,Bucks117_Nuggets121
21600753,103,105,Suns105_Kings103
21600754,104,108,Mavericks108_TrailBlazers104
21600755,105,91,Pelicans91_Wizards105
21600756,113,86,Magic86_Hawks113
21600757,105,84,Pistons84_Pacers105
21600758,125,102,76ers102_Heat125
21600759,104,111,Cavaliers111_Knicks104
21600760,105,98,Hornets98_Jazz105
21600761,112,137,Bucks137_Suns112
21600762,121,97,Nuggets97_Spurs121
21600763,99,107,Grizzlies107_Timberwolves99
21600764,109,106,Warriors106_Kings109
21600765,95,103,Raptors103_Nets95
21600766,107,102,Clippers102_Celtics107
21600767,105,99,TrailBlazers99_Thunder105
21600768,107,121,Lakers121_Knicks107
21600769,135,140,Cavaliers140_Wizards135
21600770,93,90,Thunder90_Pacers93
21600771,118,109,Clippers109_Raptors118
21600772,95,120,Jazz120_Hawks95
21600773,113,96,76ers96_Pistons113
21600774,111,106,Suns106_Pelicans111
21600775,113,115,Heat115_Timberwolves113
21600776,110,87,Mavericks87_Nuggets110
21600777,89,74,Spurs74_Grizzlies89
21600778,107,112,Bulls112_Kings107
21600779,111,107,Nets107_Hornets111
21600780,128,104,Magic104_Rockets128
21600781,113,114,TrailBlazers114_Mavericks113
21600782,103,111,Spurs111_76ers103
21600783,117,132,Cavaliers132_Pacers117
21600784,110,114,Wizards114_Nets110
21600785,117,106,Nuggets106_Hawks117
21600786,121,102,Lakers102_Pistons121
21600787,88,106,Heat106_Bucks88
21600788,110,91,Suns91_Grizzlies110
21600789,94,127,Jazz127_Pelicans94
21600790,112,109,Raptors109_Timberwolves112
21600791,115,119,Clippers119_Knicks115
21600792,123,92,Bulls92_Warriors123
21600793,108,92,Celtics92_Kings108
21600794,95,107,Rockets107_Hornets95
21600795,111,112,76ers112_Magic111
21600796,118,109,Cavaliers109_Thunder118
21600797,112,105,Jazz105_Mavericks112
21600798,111,120,Celtics120_TrailBlazers111
21600799,99,108,Heat108_Nets99
21600800,123,131,Nuggets131_Knicks123
21600801,92,103,Spurs103_Pistons92
21600802,114,122,Lakers122_Bucks114
21600803,107,122,Warriors122_Grizzlies107
21600804,106,122,Pelicans122_Timberwolves106
21600805,112,107,Pacers107_Wizards112
21600806,108,107,Hawks107_Kings108
21600807,115,97,Bulls97_Suns115
21600808,102,107,Clippers107_Hornets102
21600809,100,116,Bucks116_Pacers100
21600810,117,109,Heat109_76ers117
21600811,125,109,Nuggets109_Cavaliers125
21600812,133,102,Suns102_Rockets133
21600813,114,130,Warriors130_Thunder114
21600814,112,80,Magic80_Mavericks112
21600815,104,112,Celtics112_Jazz104
21600816,117,89,Bulls89_Timberwolves117
21600817,94,90,Spurs90_Knicks94
21600818,101,102,Pistons102_Raptors101
21600819,105,99,Pelicans99_Kings105
21600820,120,98,Thunder98_Wizards120
21600821,99,105,76ers105_Hornets99
21600822,103,112,Grizzlies112_Nets103
21600823,107,116,Magic116_Heat107
21600824,102,89,Pistons89_Bucks102
21600825,106,110,Spurs110_Pacers106
21600826,98,111,Celtics111_Mavericks98
21600827,132,110,Warriors110_Nuggets132
21600828,72,88,Clippers88_Jazz72
21600829,108,110,Pelicans110_Suns108
21600830,104,109,Hawks109_TrailBlazers104
21600831,105,94,Raptors94_Bulls105
21600832,108,116,Cavaliers116_Timberwolves108
21600833,96,97,Kings97_Lakers96
21600834,79,107,Spurs107_Magic79
21600835,113,104,Pacers104_Cavaliers113
21600836,116,108,76ers108_Celtics116
21600837,90,85,Hornets85_Raptors90
21600838,125,129,Bucks129_Nets125
21600839,98,91,Mavericks91_Pistons98
21600840,91,95,Pelicans95_Grizzlies91
21600841,109,117,Heat117_Rockets109
21600842,99,112,Timberwolves112_Nuggets99
21600843,111,88,TrailBlazers88_Jazz111
21600844,137,101,Lakers101_Suns137
21600845,116,105,Knicks105_Thunder116
21600846,99,84,Hawks84_Clippers99
21600847,109,86,Kings86_Warriors109
21600848,98,111,Wizards111_Pacers98
21600849,104,103,Celtics103_Bulls104
21600850,103,112,TrailBlazers112_Magic103
21600851,114,108,Hornets108_Pistons114
21600852,99,129,Rockets129_Pelicans99
21600853,119,104,Knicks104_Cavaliers119
21600854,123,113,Clippers113_Warriors123
21600855,116,100,Nuggets100_Kings116
21600856,120,112,Wizards112_76ers120
21600857,102,92,Grizzlies92_Pacers102
21600858,107,97,Celtics97_Raptors107
21600859,128,121,Suns121_Bulls128
21600860,95,109,Jazz109_Bucks95
21600861,110,93,Lakers93_Thunder110
21600862,97,84,Mavericks84_Timberwolves97
21600863,90,108,Heat108_Hawks90
21600864,129,109,Nets109_Nuggets129
21600865,97,105,Spurs105_Clippers97
21600866,85,99,Hornets99_Kings85
21600867,105,86,Hawks86_Magic105
21600868,110,109,76ers109_Knicks110
21600869,113,95,Pacers95_Heat113
21600870,96,83,Pelicans83_Mavericks96
21600871,99,117,Bulls117_Cavaliers99
21600872,142,130,Timberwolves130_Rockets142
21600873,112,95,Nets95_Warriors112
21600874,98,119,Spurs119_Lakers98
21600875,100,96,Suns96_Bucks100
21600876,98,105,Grizzlies105_Nuggets98
21600877,92,102,Jazz102_Wizards92
21600878,112,106,TrailBlazers106_Raptors112
21600879,98,104,Celtics104_Pistons98
21600880,118,110,Pelicans110_Thunder118
21600881,124,121,Hornets121_Clippers124
21600882,91,92,Raptors92_Knicks91
21600883,108,119,Warriors119_76ers108
21600884,102,95,Bucks95_Cavaliers102
21600885,98,114,Hawks114_Celtics98
21600886,108,117,Pacers117_Rockets108
21600887,96,89,Heat89_Mavericks96
21600888,88,102,Timberwolves102_Kings88
21600889,112,108,Warriors108_Wizards112
21600890,120,113,TrailBlazers113_Pistons120
21600891,107,125,Nuggets125_Bulls107
21600892,130,112,Suns112_Grizzlies130
21600893,109,106,Jazz106_Thunder109
21600894,104,109,Hornets109_Lakers104
21600895,90,101,Knicks101_Magic90
21600896,96,105,Wizards105_Raptors96
21600897,100,95,Mavericks95_Hawks100
21600898,125,98,76ers98_Heat125
21600899,98,110,Nuggets110_Bucks98
21600900,109,86,Pistons86_Pelicans109
21600901,103,99,Cavaliers99_Celtics103
21600902,100,99,Pacers99_Spurs100
21600903,80,107,Timberwolves107_Jazz80
21600904,103,122,Rockets122_Clippers103
21600905,100,109,Nets109_Kings100
21600906,94,87,Warriors87_Bulls94
21600907,120,103,Hornets103_Suns120
21600908,114,109,Thunder109_TrailBlazers114
21600909,105,102,Knicks102_76ers105
21600910,106,114,Raptors114_Wizards106
21600911,110,99,Heat99_Magic110
21600912,112,101,Clippers101_Bucks112
21600913,130,135,Cavaliers135_Hawks130
21600914,104,100,Grizzlies100_Mavericks104
21600915,112,97,Nets97_Jazz112
21600916,118,111,Thunder111_Suns118
21600917,98,101,Spurs101_Pelicans98
21600918,95,115,Celtics115_Lakers95
21600919,106,136,Pistons136_76ers106
21600920,101,94,Raptors94_Bucks101
21600921,120,92,Cavaliers92_Heat120
21600922,91,101,Clippers101_Bulls91
21600923,102,112,Hornets112_Nuggets102
21600924,123,108,Grizzlies108_Rockets123
21600925,97,90,Timberwolves90_Spurs97
21600926,130,116,Nets116_TrailBlazers130
21600927,96,97,Pacers97_Hawks96
21600928,105,112,Warriors112_Knicks105
21600929,109,106,Celtics106_Suns109
21600930,115,114,Magic114_Wizards115
21600931,109,110,Jazz110_Kings109
21600932,104,89,Thunder89_Mavericks104
21600933,97,105,Pelicans105_Lakers97
21600934,98,112,Bucks112_76ers98
21600935,105,113,Knicks113_Magic105
21600936,98,106,Heat106_Cavaliers98
21600937,111,119,Warriors119_Hawks111
21600938,109,95,Bulls95_Pistons109
21600939,109,122,Nets122_Grizzlies109
21600940,110,109,TrailBlazers109_Timberwolves110
21600941,100,88,Pacers88_Hornets100
21600942,112,110,Rockets110_Spurs112
21600943,108,96,Kings96_Nuggets108
21600944,88,83,Pelicans83_Jazz88
21600945,116,102,Celtics102_Clippers116
21600946,121,126,TrailBlazers126_Thunder121
21600947,122,111,Lakers111_Mavericks122
21600948,127,131,Wizards131_Suns127
21600949,98,91,Bulls91_Magic98
21600950,110,105,Nets105_Hawks110
21600951,108,101,Hornets101_Heat108
21600952,104,93,Knicks93_Bucks104
21600953,87,94,Raptors94_Pelicans87
21600954,108,115,Jazz115_Rockets108
21600955,107,91,Clippers91_Timberwolves107
21600956,115,98,Pistons98_Pacers115
21600957,114,104,Kings104_Spurs114
21600958,113,123,Wizards123_Nuggets113
21600959,86,99,Celtics99_Warriors86
21600960,106,101,Cavaliers101_Pistons106
21600961,98,114,Clippers114_Grizzlies98
21600962,102,92,Spurs92_Thunder102
21600963,114,108,76ers108_TrailBlazers114
21600964,110,122,Lakers122_Suns110
21600965,121,81,Magic81_Hornets121
21600966,94,115,Rockets115_Bulls94
21600967,99,85,Pacers85_Bucks99
21600968,103,102,Warriors102_Timberwolves103
21600969,105,99,Raptors99_Hawks105
21600970,119,99,Celtics99_Nuggets119
21600971,105,96,Nets96_Mavericks105
21600972,122,130,Wizards130_Kings122
21600973,112,104,Jazz104_Thunder112
21600974,112,100,76ers100_Clippers112
21600975,112,92,Knicks92_Pistons112
21600976,122,125,Pelicans125_Hornets122
21600977,104,116,Cavaliers116_Magic104
21600978,102,95,Timberwolves95_Bucks102
21600979,104,89,Raptors89_Heat104
21600980,107,85,Warriors85_Spurs107
21600981,90,107,Hawks107_Grizzlies90
21600982,98,100,Suns100_Mavericks98
21600983,124,125,Wizards125_TrailBlazers124
21600984,92,105,Nuggets105_Kings92
21600985,100,80,Bulls80_Celtics100
21600986,120,112,Knicks112_Nets120
21600987,102,98,Heat98_Pacers102
21600988,101,110,TrailBlazers110_Suns101
21600989,117,112,Cavaliers112_Rockets117
21600990,116,118,76ers118_Lakers116
21600991,109,115,Bulls115_Hornets109
21600992,100,78,Mavericks78_Raptors100
21600993,113,93,Bucks93_Grizzlies113
21600994,107,99,Hawks99_Spurs107
21600995,119,104,Wizards104_Timberwolves119
21600996,114,108,Clippers108_Jazz114
21600997,120,115,Magic115_Kings120
21600998,129,101,Lakers101_Nuggets129
21600999,128,96,Pistons96_Cavaliers128
21601000,104,122,Thunder122_Nets104
21601001,87,81,Pacers81_Knicks87
21601002,100,77,TrailBlazers77_Pelicans100
21601003,106,104,76ers104_Warriors106
21601004,107,112,Mavericks112_Wizards107
21601005,98,77,Hornets77_Pacers98
21601006,117,104,Timberwolves104_Celtics117
21601007,120,112,Pelicans112_Heat120
21601008,83,97,Jazz97_Pistons83
21601009,91,98,Grizzlies98_Bulls91
21601010,139,100,Lakers100_Rockets139
21601011,106,110,TrailBlazers110_Spurs106
21601012,101,107,Kings107_Suns101
21601013,96,97,Bucks97_Clippers96
21601014,91,83,Jazz83_Cavaliers91
21601015,102,123,Thunder123_Raptors102
21601016,110,121,Nets121_Knicks110
21601017,91,103,Grizzlies103_Hawks91
21601018,129,114,Clippers114_Nuggets129
21601019,122,92,Magic92_Warriors122
21601020,116,74,Mavericks74_76ers116
21601021,112,107,Bulls107_Wizards112
21601022,95,98,Celtics98_Nets95
21601023,75,87,Raptors87_Pistons75
21601024,128,112,Rockets112_Pelicans128
21601025,123,105,Timberwolves105_Heat123
21601026,103,109,Magic109_Suns103
21601027,103,107,Bucks107_Lakers103
21601028,110,94,Kings94_Thunder110
21601029,97,113,TrailBlazers113_Hawks97
21601030,98,93,Wizards93_Hornets98
21601031,108,78,Cavaliers78_Clippers108
21601032,95,86,Jazz86_Bulls95
21601033,104,96,Spurs96_Grizzlies104
21601034,105,109,Rockets109_Nuggets105
21601035,117,92,Bucks92_Warriors117
21601036,104,111,Mavericks111_Nets104
21601037,105,99,Celtics99_76ers105
21601038,112,95,Suns95_Pistons112
21601039,123,109,Timberwolves109_Pelicans123
21601040,116,91,Pacers91_Raptors116
21601041,104,115,TrailBlazers115_Heat104
21601042,118,102,Kings102_Spurs118
21601043,120,125,Cavaliers125_Lakers120
21601044,105,90,Hawks90_Hornets105
21601045,112,109,76ers109_Magic112
21601046,107,100,Jazz100_Pacers107
21601047,110,102,Wizards102_Celtics110
21601048,125,124,Nuggets124_Rockets125
21601049,95,111,Warriors111_Thunder95
21601050,114,105,Knicks105_Clippers114
21601051,122,120,Bulls120_Raptors122
21601052,98,96,Pistons96_Nets98
21601053,112,97,Suns97_Heat112
21601054,95,82,Grizzlies82_Pelicans95
21601055,87,112,Warriors112_Mavericks87
21601056,93,100,Spurs100_Timberwolves93
21601057,90,93,Bucks93_TrailBlazers90
21601058,109,133,Clippers133_Lakers109
21601059,102,109,Hornets109_Magic102
21601060,109,100,Pacers100_Celtics109
21601061,117,95,Pistons95_Bulls117
21601062,122,97,76ers97_Thunder122
21601063,104,100,Hawks100_Wizards104
21601064,126,113,Cavaliers113_Nuggets126
21601065,98,116,Bucks116_Kings98
21601066,108,101,Knicks101_Jazz108
21601067,126,98,Suns98_Nets126
21601068,84,101,Raptors101_Heat84
21601069,97,95,Clippers95_Mavericks97
21601070,97,90,Grizzlies90_Spurs97
21601071,110,95,Knicks95_TrailBlazers110
21601072,129,108,Nets108_Wizards129
21601073,105,112,Cavaliers112_Hornets105
21601074,115,87,Pistons87_Magic115
21601075,117,125,Nuggets125_Pacers117
21601076,130,120,Suns120_Celtics130
21601077,107,117,76ers117_Bulls107
21601078,100,97,Hawks97_Bucks100
21601079,117,107,Pelicans107_Rockets117
21601080,130,119,Timberwolves119_Lakers130
21601081,114,100,Kings100_Warriors114
21601082,108,95,Jazz95_Clippers108
21601083,115,127,Wizards127_Cavaliers115
21601084,86,94,Raptors94_Mavericks86
21601085,106,98,Knicks98_Spurs106
21601086,112,100,Timberwolves100_TrailBlazers112
21601087,120,106,Suns106_Hornets120
21601088,92,107,Nets107_Hawks92
21601089,97,98,Kings98_Clippers97
21601090,94,109,Bulls109_Bucks94
21601091,137,125,Thunder125_Rockets137
21601092,107,94,76ers94_Pacers107
21601093,112,108,Heat108_Celtics112
21601094,106,94,Grizzlies94_Warriors106
21601095,90,115,Pelicans115_Nuggets90
21601096,81,97,TrailBlazers97_Lakers81
21601097,131,112,Magic112_Raptors131
21601098,109,95,Pistons95_Knicks109
21601099,103,74,Cavaliers74_Spurs103
21601100,91,92,Thunder92_Mavericks91
21601101,91,90,Grizzlies90_Kings91
21601102,108,100,Pelicans100_Jazz108
21601103,108,118,Bucks118_Hornets108
21601104,114,115,Timberwolves115_Pacers114
21601105,101,106,76ers106_Nets101
21601106,95,91,Suns91_Hawks95
21601107,96,97,Heat97_Pistons96
21601108,106,113,Warriors113_Rockets106
21601109,122,113,Nuggets113_TrailBlazers122
21601110,108,119,Wizards119_Lakers108
21601111,92,99,Hawks99_76ers92
21601112,106,114,Thunder114_Magic106
21601113,100,103,Bucks103_Celtics100
21601114,106,110,Hornets110_Raptors106
21601115,88,105,Heat105_Knicks88
21601116,110,97,Pacers97_Grizzlies110
21601117,121,118,Mavericks118_Pelicans121
21601118,98,110,Warriors110_Spurs98
21601119,133,124,Wizards124_Clippers133
21601120,82,112,Jazz112_Kings82
21601121,90,89,Nets89_Pistons90
21601122,99,93,Cavaliers93_Bulls99
21601123,119,104,Lakers104_Timberwolves119
21601124,118,124,Clippers124_Suns118
21601125,117,107,Rockets107_TrailBlazers117
21601126,111,100,Pacers100_Raptors111
21601127,122,114,Nuggets114_Hornets122
21601128,122,105,76ers105_Cavaliers122
21601129,117,116,Magic116_Celtics117
21601130,108,105,Pistons105_Bucks108
21601131,99,90,Mavericks90_Grizzlies99
21601132,117,89,Kings89_Pelicans117
21601133,94,98,Knicks98_Heat94
21601134,95,88,Wizards88_Jazz95
21601135,95,100,Spurs100_Thunder95
21601136,107,98,Rockets98_Warriors107
21601137,115,104,Lakers104_Clippers115
21601138,106,104,Hawks104_Bulls106
21601139,121,111,Magic111_Nets121
21601140,117,123,Kings123_Timberwolves117
21601141,130,117,Suns117_TrailBlazers130
21601142,101,113,Hornets113_Thunder101
21601143,108,103,Grizzlies103_Lakers108
21601144,105,109,Mavericks109_Bucks105
21601145,94,110,Celtics110_Knicks94
21601146,110,117,Bulls117_Pelicans110
21601147,113,105,76ers105_Raptors113
21601148,91,82,Hawks82_Nets91
21601149,113,116,Nuggets116_Heat113
21601150,135,130,Pacers130_Cavaliers135
21601151,109,103,Jazz103_Spurs109
21601152,139,115,Wizards115_Warriors139
21601153,116,123,Rockets123_Suns116
21601154,118,141,Nets141_76ers118
21601155,118,111,Hornets111_Wizards118
21601156,122,102,Magic102_Cavaliers122
21601157,108,90,Raptors90_Pacers108
21601158,131,134,Nuggets134_Pelicans131
21601159,110,79,Bucks79_Thunder110
21601160,100,91,Bulls91_Knicks100
21601161,95,89,Grizzlies89_Spurs95
21601162,121,107,Timberwolves107_Warriors121
21601163,98,87,Mavericks87_Kings98
21601164,106,87,TrailBlazers87_Jazz106
21601165,99,112,Heat112_Hornets99
21601166,102,105,Raptors105_Pistons102
21601167,100,103,Thunder103_Grizzlies100
21601168,110,104,Nuggets104_Rockets110
21601169,91,114,Cavaliers114_Celtics91
21601170,95,102,Lakers102_Spurs95
21601171,111,120,Warriors120_Suns111
21601172,112,101,Mavericks101_Clippers112
21601173,90,102,Bulls102_76ers90
21601174,115,107,Nets107_Magic115
21601175,104,89,Bucks89_Pacers104
21601176,103,106,Wizards106_Knicks103
21601177,123,116,Celtics116_Hawks123
21601178,105,98,Timberwolves98_TrailBlazers105
21601179,100,114,Hawks114_Cavaliers100
21601180,96,94,Heat94_Raptors96
21601181,101,88,Knicks88_Grizzlies101
21601182,109,114,Pistons114_Rockets109
21601183,89,102,Spurs102_Mavericks89
21601184,122,106,Pelicans106_Nuggets122
21601185,120,113,Timberwolves113_Jazz120
21601186,120,99,Thunder99_Suns120
21601187,98,94,Kings94_Lakers98
21601188,107,106,Bulls106_Nets107
21601189,114,121,Celtics121_Hornets114
21601190,112,127,Pacers127_Magic112
21601191,82,90,Bucks90_76ers82
21601192,103,106,Heat106_Wizards103
21601193,87,98,Clippers98_Spurs87
21601194,101,86,Jazz86_TrailBlazers101
21601195,123,101,Pelicans101_Warriors123
21601196,97,110,Raptors110_Knicks97
21601197,126,125,Cavaliers125_Hawks126
21601198,105,106,Thunder106_Nuggets105
21601199,124,111,Mavericks111_Suns124
21601200,128,135,Rockets135_Kings128
21601201,90,103,Pistons103_Grizzlies90
21601202,110,109,Timberwolves109_Lakers110
21601203,111,120,Pacers120_76ers111
21601204,114,105,Nets105_Celtics114
21601205,124,121,Cavaliers121_Heat124
21601206,122,75,Magic75_Bulls122
21601207,89,79,Hornets79_Bucks89
21601208,101,105,Wizards105_Pistons101
21601209,99,98,Spurs98_TrailBlazers99
21601210,125,96,Rockets96_Clippers125
21601211,99,105,Jazz105_Warriors99
21601212,103,76,Hornets76_Hawks103
21601213,98,100,Thunder100_Timberwolves98
21601214,91,109,Nuggets109_Mavericks91
21601215,108,96,Pelicans96_Lakers108
21601216,129,104,Suns104_Kings129
21601217,113,109,Pistons109_Magic113
21601218,83,98,Raptors98_Cavaliers83
21601219,112,94,Bucks94_Celtics112
21601220,114,113,76ers113_Knicks114
21601221,110,102,Wizards102_Heat110
21601222,112,73,Nets73_Bulls112
21601223,93,100,Mavericks100_Grizzlies93
21601224,123,118,Timberwolves118_Rockets123
21601225,105,111,Nuggets111_Thunder105
21601226,104,86,Hawks86_Pacers104
21601227,101,97,Spurs97_Jazz101
21601228,115,95,Kings95_Clippers115
21601229,109,94,Lakers94_Warriors109
21601230,100,103,Pelicans103_TrailBlazers100
